date,district,lat,lon,cases,deaths,population,incidence_rate,cfr
2018-01-01,Bulawayo,-20.1325,28.6264,12,0,653337,1.8367,0.0
2018-01-08,Bulawayo,-20.1325,28.6264,4,0,653337,0.6122,0.0
2018-01-15,Bulawayo,-20.1325,28.6264,2,0,653337,0.3061,0.0
2018-01-22,Bulawayo,-20.1325,28.6264,15,0,653337,2.2959,0.0
2018-01-29,Bulawayo,-20.1325,28.6264,1,0,653337,0.1531,0.0
2018-02-05,Bulawayo,-20.1325,28.6264,1,0,653337,0.1531,0.0
2018-02-12,Bulawayo,-20.1325,28.6264,5,0,653337,0.7653,0.0
2018-02-19,Bulawayo,-20.1325,28.6264,5,0,653337,0.7653,0.0
2018-02-26,Bulawayo,-20.1325,28.6264,11,0,653337,1.6837,0.0
2018-03-05,Bulawayo,-20.1325,28.6264,5,0,653337,0.7653,0.0
2018-03-12,Bulawayo,-20.1325,28.6264,8,0,653337,1.2245,0.0
2018-03-19,Bulawayo,-20.1325,28.6264,10,0,653337,1.5306,0.0
2018-03-26,Bulawayo,-20.1325,28.6264,13,0,653337,1.9898,0.0
2018-04-02,Bulawayo,-20.1325,28.6264,7,0,653337,1.0714,0.0
2018-04-09,Bulawayo,-20.1325,28.6264,16,0,653337,2.449,0.0
2018-04-16,Bulawayo,-20.1325,28.6264,10,0,653337,1.5306,0.0
2018-04-23,Bulawayo,-20.1325,28.6264,35,0,653337,5.3571,0.0
2018-04-30,Bulawayo,-20.1325,28.6264,17,0,653337,2.602,0.0
2018-05-07,Bulawayo,-20.1325,28.6264,15,0,653337,2.2959,0.0
2018-05-14,Bulawayo,-20.1325,28.6264,21,0,653337,3.2143,0.0
2018-05-21,Bulawayo,-20.1325,28.6264,9,0,653337,1.3775,0.0
2018-05-28,Bulawayo,-20.1325,28.6264,13,0,653337,1.9898,0.0
2018-06-04,Bulawayo,-20.1325,28.6264,12,1,653337,1.8367,0.0833
2018-06-11,Bulawayo,-20.1325,28.6264,9,0,653337,1.3775,0.0
2018-06-18,Bulawayo,-20.1325,28.6264,5,0,653337,0.7653,0.0
2018-06-25,Bulawayo,-20.1325,28.6264,5,0,653337,0.7653,0.0
2018-07-02,Bulawayo,-20.1325,28.6264,3,0,653337,0.4592,0.0
2018-07-09,Bulawayo,-20.1325,28.6264,4,0,653337,0.6122,0.0
2018-07-16,Bulawayo,-20.1325,28.6264,5,0,653337,0.7653,0.0
2018-07-23,Bulawayo,-20.1325,28.6264,1,0,653337,0.1531,0.0
2018-07-30,Bulawayo,-20.1325,28.6264,0,0,653337,0.0,0.0
2018-08-06,Bulawayo,-20.1325,28.6264,6,0,653337,0.9184,0.0
2018-08-13,Bulawayo,-20.1325,28.6264,7,0,653337,1.0714,0.0
2018-08-20,Bulawayo,-20.1325,28.6264,2,0,653337,0.3061,0.0
2018-08-27,Bulawayo,-20.1325,28.6264,2,0,653337,0.3061,0.0
2018-09-03,Bulawayo,-20.1325,28.6264,14,0,653337,2.1428,0.0
2018-09-10,Bulawayo,-20.1325,28.6264,15,0,653337,2.2959,0.0
2018-09-17,Bulawayo,-20.1325,28.6264,19,0,653337,2.9081,0.0
2018-09-24,Bulawayo,-20.1325,28.6264,15,0,653337,2.2959,0.0
2018-10-01,Bulawayo,-20.1325,28.6264,30,0,653337,4.5918,0.0
2018-10-08,Bulawayo,-20.1325,28.6264,23,0,653337,3.5204,0.0
2018-10-15,Bulawayo,-20.1325,28.6264,49,3,653337,7.5,0.0612
2018-10-22,Bulawayo,-20.1325,28.6264,15,1,653337,2.2959,0.0667
2018-10-29,Bulawayo,-20.1325,28.6264,13,1,653337,1.9898,0.0769
2018-11-05,Bulawayo,-20.1325,28.6264,71,1,653337,10.8673,0.0141
2018-11-12,Bulawayo,-20.1325,28.6264,65,0,653337,9.9489,0.0
2018-11-19,Bulawayo,-20.1325,28.6264,32,1,653337,4.8979,0.0312
2018-11-26,Bulawayo,-20.1325,28.6264,47,0,653337,7.1938,0.0
2018-12-03,Bulawayo,-20.1325,28.6264,47,1,653337,7.1938,0.0213
2018-12-10,Bulawayo,-20.1325,28.6264,32,0,653337,4.8979,0.0
2018-12-17,Bulawayo,-20.1325,28.6264,32,2,653337,4.8979,0.0625
2018-12-24,Bulawayo,-20.1325,28.6264,35,0,653337,5.3571,0.0
2018-12-31,Bulawayo,-20.1325,28.6264,20,0,653337,3.0612,0.0
2019-01-07,Bulawayo,-20.1325,28.6264,19,0,653337,2.9081,0.0
2019-01-14,Bulawayo,-20.1325,28.6264,25,0,653337,3.8265,0.0
2019-01-21,Bulawayo,-20.1325,28.6264,38,0,653337,5.8163,0.0
2019-01-28,Bulawayo,-20.1325,28.6264,17,2,653337,2.602,0.1176
2019-02-04,Bulawayo,-20.1325,28.6264,25,0,653337,3.8265,0.0
2019-02-11,Bulawayo,-20.1325,28.6264,14,0,653337,2.1428,0.0
2019-02-18,Bulawayo,-20.1325,28.6264,39,1,653337,5.9694,0.0256
2019-02-25,Bulawayo,-20.1325,28.6264,27,1,653337,4.1326,0.037
2019-03-04,Bulawayo,-20.1325,28.6264,40,1,653337,6.1224,0.025
2019-03-11,Bulawayo,-20.1325,28.6264,17,2,653337,2.602,0.1176
2019-03-18,Bulawayo,-20.1325,28.6264,12,0,653337,1.8367,0.0
2019-03-25,Bulawayo,-20.1325,28.6264,45,0,653337,6.8877,0.0
2019-04-01,Bulawayo,-20.1325,28.6264,31,0,653337,4.7449,0.0
2019-04-08,Bulawayo,-20.1325,28.6264,23,0,653337,3.5204,0.0
2019-04-15,Bulawayo,-20.1325,28.6264,27,0,653337,4.1326,0.0
2019-04-22,Bulawayo,-20.1325,28.6264,39,1,653337,5.9694,0.0256
2019-04-29,Bulawayo,-20.1325,28.6264,50,0,653337,7.653,0.0
2019-05-06,Bulawayo,-20.1325,28.6264,65,0,653337,9.9489,0.0
2019-05-13,Bulawayo,-20.1325,28.6264,28,1,653337,4.2857,0.0357
2019-05-20,Bulawayo,-20.1325,28.6264,55,1,653337,8.4183,0.0182
2019-05-27,Bulawayo,-20.1325,28.6264,17,0,653337,2.602,0.0
2019-06-03,Bulawayo,-20.1325,28.6264,4,0,653337,0.6122,0.0
2019-06-10,Bulawayo,-20.1325,28.6264,31,0,653337,4.7449,0.0
2019-06-17,Bulawayo,-20.1325,28.6264,28,0,653337,4.2857,0.0
2019-06-24,Bulawayo,-20.1325,28.6264,21,0,653337,3.2143,0.0
2019-07-01,Bulawayo,-20.1325,28.6264,6,1,653337,0.9184,0.1667
2019-07-08,Bulawayo,-20.1325,28.6264,0,0,653337,0.0,0.0
2019-07-15,Bulawayo,-20.1325,28.6264,11,0,653337,1.6837,0.0
2019-07-22,Bulawayo,-20.1325,28.6264,4,0,653337,0.6122,0.0
2019-07-29,Bulawayo,-20.1325,28.6264,6,0,653337,0.9184,0.0
2019-08-05,Bulawayo,-20.1325,28.6264,8,0,653337,1.2245,0.0
2019-08-12,Bulawayo,-20.1325,28.6264,2,0,653337,0.3061,0.0
2019-08-19,Bulawayo,-20.1325,28.6264,5,0,653337,0.7653,0.0
2019-08-26,Bulawayo,-20.1325,28.6264,7,0,653337,1.0714,0.0
2019-09-02,Bulawayo,-20.1325,28.6264,6,0,653337,0.9184,0.0
2019-09-09,Bulawayo,-20.1325,28.6264,5,0,653337,0.7653,0.0
2019-09-16,Bulawayo,-20.1325,28.6264,2,0,653337,0.3061,0.0
2019-09-23,Bulawayo,-20.1325,28.6264,6,0,653337,0.9184,0.0
2019-09-30,Bulawayo,-20.1325,28.6264,3,0,653337,0.4592,0.0
2019-10-07,Bulawayo,-20.1325,28.6264,2,0,653337,0.3061,0.0
2019-10-14,Bulawayo,-20.1325,28.6264,8,0,653337,1.2245,0.0
2019-10-21,Bulawayo,-20.1325,28.6264,20,0,653337,3.0612,0.0
2019-10-28,Bulawayo,-20.1325,28.6264,13,0,653337,1.9898,0.0
2019-11-04,Bulawayo,-20.1325,28.6264,11,0,653337,1.6837,0.0
2019-11-11,Bulawayo,-20.1325,28.6264,16,0,653337,2.449,0.0
2019-11-18,Bulawayo,-20.1325,28.6264,27,1,653337,4.1326,0.037
2019-11-25,Bulawayo,-20.1325,28.6264,4,0,653337,0.6122,0.0
2019-12-02,Bulawayo,-20.1325,28.6264,27,0,653337,4.1326,0.0
2019-12-09,Bulawayo,-20.1325,28.6264,34,0,653337,5.2041,0.0
2019-12-16,Bulawayo,-20.1325,28.6264,18,0,653337,2.7551,0.0
2019-12-23,Bulawayo,-20.1325,28.6264,5,0,653337,0.7653,0.0
2019-12-30,Bulawayo,-20.1325,28.6264,9,0,653337,1.3775,0.0
2020-01-06,Bulawayo,-20.1325,28.6264,11,0,653337,1.6837,0.0
2020-01-13,Bulawayo,-20.1325,28.6264,4,0,653337,0.6122,0.0
2020-01-20,Bulawayo,-20.1325,28.6264,13,0,653337,1.9898,0.0
2020-01-27,Bulawayo,-20.1325,28.6264,6,0,653337,0.9184,0.0
2020-02-03,Bulawayo,-20.1325,28.6264,13,0,653337,1.9898,0.0
2020-02-10,Bulawayo,-20.1325,28.6264,18,0,653337,2.7551,0.0
2020-02-17,Bulawayo,-20.1325,28.6264,5,0,653337,0.7653,0.0
2020-02-24,Bulawayo,-20.1325,28.6264,6,0,653337,0.9184,0.0
2020-03-02,Bulawayo,-20.1325,28.6264,14,0,653337,2.1428,0.0
2020-03-09,Bulawayo,-20.1325,28.6264,6,0,653337,0.9184,0.0
2020-03-16,Bulawayo,-20.1325,28.6264,33,0,653337,5.051,0.0
2020-03-23,Bulawayo,-20.1325,28.6264,26,0,653337,3.9796,0.0
2020-03-30,Bulawayo,-20.1325,28.6264,25,0,653337,3.8265,0.0
2020-04-06,Bulawayo,-20.1325,28.6264,14,0,653337,2.1428,0.0
2020-04-13,Bulawayo,-20.1325,28.6264,9,0,653337,1.3775,0.0
2020-04-20,Bulawayo,-20.1325,28.6264,22,0,653337,3.3673,0.0
2020-04-27,Bulawayo,-20.1325,28.6264,35,0,653337,5.3571,0.0
2020-05-04,Bulawayo,-20.1325,28.6264,22,0,653337,3.3673,0.0
2020-05-11,Bulawayo,-20.1325,28.6264,10,0,653337,1.5306,0.0
2020-05-18,Bulawayo,-20.1325,28.6264,7,0,653337,1.0714,0.0
2020-05-25,Bulawayo,-20.1325,28.6264,9,0,653337,1.3775,0.0
2020-06-01,Bulawayo,-20.1325,28.6264,8,0,653337,1.2245,0.0
2020-06-08,Bulawayo,-20.1325,28.6264,11,0,653337,1.6837,0.0
2020-06-15,Bulawayo,-20.1325,28.6264,5,0,653337,0.7653,0.0
2020-06-22,Bulawayo,-20.1325,28.6264,3,0,653337,0.4592,0.0
2020-06-29,Bulawayo,-20.1325,28.6264,6,0,653337,0.9184,0.0
2020-07-06,Bulawayo,-20.1325,28.6264,7,0,653337,1.0714,0.0
2020-07-13,Bulawayo,-20.1325,28.6264,11,0,653337,1.6837,0.0
2020-07-20,Bulawayo,-20.1325,28.6264,2,0,653337,0.3061,0.0
2020-07-27,Bulawayo,-20.1325,28.6264,3,0,653337,0.4592,0.0
2020-08-03,Bulawayo,-20.1325,28.6264,9,0,653337,1.3775,0.0
2020-08-10,Bulawayo,-20.1325,28.6264,4,0,653337,0.6122,0.0
2020-08-17,Bulawayo,-20.1325,28.6264,2,0,653337,0.3061,0.0
2020-08-24,Bulawayo,-20.1325,28.6264,4,0,653337,0.6122,0.0
2020-08-31,Bulawayo,-20.1325,28.6264,8,0,653337,1.2245,0.0
2020-09-07,Bulawayo,-20.1325,28.6264,9,0,653337,1.3775,0.0
2020-09-14,Bulawayo,-20.1325,28.6264,14,0,653337,2.1428,0.0
2020-09-21,Bulawayo,-20.1325,28.6264,4,0,653337,0.6122,0.0
2020-09-28,Bulawayo,-20.1325,28.6264,14,0,653337,2.1428,0.0
2020-10-05,Bulawayo,-20.1325,28.6264,9,0,653337,1.3775,0.0
2020-10-12,Bulawayo,-20.1325,28.6264,4,0,653337,0.6122,0.0
2020-10-19,Bulawayo,-20.1325,28.6264,17,0,653337,2.602,0.0
2020-10-26,Bulawayo,-20.1325,28.6264,18,0,653337,2.7551,0.0
2020-11-02,Bulawayo,-20.1325,28.6264,9,1,653337,1.3775,0.1111
2020-11-09,Bulawayo,-20.1325,28.6264,11,0,653337,1.6837,0.0
2020-11-16,Bulawayo,-20.1325,28.6264,4,0,653337,0.6122,0.0
2020-11-23,Bulawayo,-20.1325,28.6264,14,0,653337,2.1428,0.0
2020-11-30,Bulawayo,-20.1325,28.6264,16,0,653337,2.449,0.0
2020-12-07,Bulawayo,-20.1325,28.6264,16,0,653337,2.449,0.0
2020-12-14,Bulawayo,-20.1325,28.6264,4,0,653337,0.6122,0.0
2020-12-21,Bulawayo,-20.1325,28.6264,9,0,653337,1.3775,0.0
2020-12-28,Bulawayo,-20.1325,28.6264,7,0,653337,1.0714,0.0
2021-01-04,Bulawayo,-20.1325,28.6264,18,0,653337,2.7551,0.0
2021-01-11,Bulawayo,-20.1325,28.6264,5,0,653337,0.7653,0.0
2021-01-18,Bulawayo,-20.1325,28.6264,15,0,653337,2.2959,0.0
2021-01-25,Bulawayo,-20.1325,28.6264,9,0,653337,1.3775,0.0
2021-02-01,Bulawayo,-20.1325,28.6264,4,0,653337,0.6122,0.0
2021-02-08,Bulawayo,-20.1325,28.6264,3,0,653337,0.4592,0.0
2021-02-15,Bulawayo,-20.1325,28.6264,6,0,653337,0.9184,0.0
2021-02-22,Bulawayo,-20.1325,28.6264,9,0,653337,1.3775,0.0
2021-03-01,Bulawayo,-20.1325,28.6264,19,0,653337,2.9081,0.0
2021-03-08,Bulawayo,-20.1325,28.6264,3,0,653337,0.4592,0.0
2021-03-15,Bulawayo,-20.1325,28.6264,6,0,653337,0.9184,0.0
2021-03-22,Bulawayo,-20.1325,28.6264,3,0,653337,0.4592,0.0
2021-03-29,Bulawayo,-20.1325,28.6264,11,0,653337,1.6837,0.0
2021-04-05,Bulawayo,-20.1325,28.6264,15,0,653337,2.2959,0.0
2021-04-12,Bulawayo,-20.1325,28.6264,42,0,653337,6.4285,0.0
2021-04-19,Bulawayo,-20.1325,28.6264,23,1,653337,3.5204,0.0435
2021-04-26,Bulawayo,-20.1325,28.6264,6,0,653337,0.9184,0.0
2021-05-03,Bulawayo,-20.1325,28.6264,13,0,653337,1.9898,0.0
2021-05-10,Bulawayo,-20.1325,28.6264,15,0,653337,2.2959,0.0
2021-05-17,Bulawayo,-20.1325,28.6264,11,0,653337,1.6837,0.0
2021-05-24,Bulawayo,-20.1325,28.6264,2,0,653337,0.3061,0.0
2021-05-31,Bulawayo,-20.1325,28.6264,0,0,653337,0.0,0.0
2021-06-07,Bulawayo,-20.1325,28.6264,18,1,653337,2.7551,0.0556
2021-06-14,Bulawayo,-20.1325,28.6264,22,1,653337,3.3673,0.0455
2021-06-21,Bulawayo,-20.1325,28.6264,3,0,653337,0.4592,0.0
2021-06-28,Bulawayo,-20.1325,28.6264,8,0,653337,1.2245,0.0
2021-07-05,Bulawayo,-20.1325,28.6264,13,0,653337,1.9898,0.0
2021-07-12,Bulawayo,-20.1325,28.6264,6,0,653337,0.9184,0.0
2021-07-19,Bulawayo,-20.1325,28.6264,5,0,653337,0.7653,0.0
2021-07-26,Bulawayo,-20.1325,28.6264,3,0,653337,0.4592,0.0
2021-08-02,Bulawayo,-20.1325,28.6264,2,0,653337,0.3061,0.0
2021-08-09,Bulawayo,-20.1325,28.6264,4,0,653337,0.6122,0.0
2021-08-16,Bulawayo,-20.1325,28.6264,1,0,653337,0.1531,0.0
2021-08-23,Bulawayo,-20.1325,28.6264,2,0,653337,0.3061,0.0
2021-08-30,Bulawayo,-20.1325,28.6264,3,0,653337,0.4592,0.0
2021-09-06,Bulawayo,-20.1325,28.6264,4,0,653337,0.6122,0.0
2021-09-13,Bulawayo,-20.1325,28.6264,1,0,653337,0.1531,0.0
2021-09-20,Bulawayo,-20.1325,28.6264,14,0,653337,2.1428,0.0
2021-09-27,Bulawayo,-20.1325,28.6264,2,0,653337,0.3061,0.0
2021-10-04,Bulawayo,-20.1325,28.6264,5,0,653337,0.7653,0.0
2021-10-11,Bulawayo,-20.1325,28.6264,5,0,653337,0.7653,0.0
2021-10-18,Bulawayo,-20.1325,28.6264,11,0,653337,1.6837,0.0
2021-10-25,Bulawayo,-20.1325,28.6264,16,0,653337,2.449,0.0
2021-11-01,Bulawayo,-20.1325,28.6264,35,0,653337,5.3571,0.0
2021-11-08,Bulawayo,-20.1325,28.6264,41,2,653337,6.2755,0.0488
2021-11-15,Bulawayo,-20.1325,28.6264,10,0,653337,1.5306,0.0
2021-11-22,Bulawayo,-20.1325,28.6264,43,1,653337,6.5816,0.0233
2021-11-29,Bulawayo,-20.1325,28.6264,24,2,653337,3.6734,0.0833
2021-12-06,Bulawayo,-20.1325,28.6264,18,0,653337,2.7551,0.0
2021-12-13,Bulawayo,-20.1325,28.6264,21,0,653337,3.2143,0.0
2021-12-20,Bulawayo,-20.1325,28.6264,33,0,653337,5.051,0.0
2021-12-27,Bulawayo,-20.1325,28.6264,12,0,653337,1.8367,0.0
2022-01-03,Bulawayo,-20.1325,28.6264,20,0,653337,3.0612,0.0
2022-01-10,Bulawayo,-20.1325,28.6264,7,0,653337,1.0714,0.0
2022-01-17,Bulawayo,-20.1325,28.6264,13,0,653337,1.9898,0.0
2022-01-24,Bulawayo,-20.1325,28.6264,13,0,653337,1.9898,0.0
2022-01-31,Bulawayo,-20.1325,28.6264,10,0,653337,1.5306,0.0
2022-02-07,Bulawayo,-20.1325,28.6264,9,1,653337,1.3775,0.1111
2022-02-14,Bulawayo,-20.1325,28.6264,14,0,653337,2.1428,0.0
2022-02-21,Bulawayo,-20.1325,28.6264,11,0,653337,1.6837,0.0
2022-02-28,Bulawayo,-20.1325,28.6264,11,0,653337,1.6837,0.0
2022-03-07,Bulawayo,-20.1325,28.6264,17,0,653337,2.602,0.0
2022-03-14,Bulawayo,-20.1325,28.6264,16,0,653337,2.449,0.0
2022-03-21,Bulawayo,-20.1325,28.6264,28,1,653337,4.2857,0.0357
2022-03-28,Bulawayo,-20.1325,28.6264,14,0,653337,2.1428,0.0
2022-04-04,Bulawayo,-20.1325,28.6264,3,0,653337,0.4592,0.0
2022-04-11,Bulawayo,-20.1325,28.6264,17,0,653337,2.602,0.0
2022-04-18,Bulawayo,-20.1325,28.6264,18,0,653337,2.7551,0.0
2022-04-25,Bulawayo,-20.1325,28.6264,7,0,653337,1.0714,0.0
2022-05-02,Bulawayo,-20.1325,28.6264,4,0,653337,0.6122,0.0
2022-05-09,Bulawayo,-20.1325,28.6264,5,1,653337,0.7653,0.2
2022-05-16,Bulawayo,-20.1325,28.6264,8,0,653337,1.2245,0.0
2022-05-23,Bulawayo,-20.1325,28.6264,16,1,653337,2.449,0.0625
2022-05-30,Bulawayo,-20.1325,28.6264,8,0,653337,1.2245,0.0
2022-06-06,Bulawayo,-20.1325,28.6264,6,0,653337,0.9184,0.0
2022-06-13,Bulawayo,-20.1325,28.6264,8,0,653337,1.2245,0.0
2022-06-20,Bulawayo,-20.1325,28.6264,9,0,653337,1.3775,0.0
2022-06-27,Bulawayo,-20.1325,28.6264,0,0,653337,0.0,0.0
2022-07-04,Bulawayo,-20.1325,28.6264,2,0,653337,0.3061,0.0
2022-07-11,Bulawayo,-20.1325,28.6264,2,0,653337,0.3061,0.0
2022-07-18,Bulawayo,-20.1325,28.6264,9,0,653337,1.3775,0.0
2022-07-25,Bulawayo,-20.1325,28.6264,6,0,653337,0.9184,0.0
2022-08-01,Bulawayo,-20.1325,28.6264,6,0,653337,0.9184,0.0
2022-08-08,Bulawayo,-20.1325,28.6264,4,0,653337,0.6122,0.0
2022-08-15,Bulawayo,-20.1325,28.6264,1,0,653337,0.1531,0.0
2022-08-22,Bulawayo,-20.1325,28.6264,8,0,653337,1.2245,0.0
2022-08-29,Bulawayo,-20.1325,28.6264,12,0,653337,1.8367,0.0
2022-09-05,Bulawayo,-20.1325,28.6264,2,0,653337,0.3061,0.0
2022-09-12,Bulawayo,-20.1325,28.6264,2,0,653337,0.3061,0.0
2022-09-19,Bulawayo,-20.1325,28.6264,11,0,653337,1.6837,0.0
2022-09-26,Bulawayo,-20.1325,28.6264,2,0,653337,0.3061,0.0
2022-10-03,Bulawayo,-20.1325,28.6264,3,0,653337,0.4592,0.0
2022-10-10,Bulawayo,-20.1325,28.6264,6,0,653337,0.9184,0.0
2022-10-17,Bulawayo,-20.1325,28.6264,11,0,653337,1.6837,0.0
2022-10-24,Bulawayo,-20.1325,28.6264,4,0,653337,0.6122,0.0
2022-10-31,Bulawayo,-20.1325,28.6264,21,0,653337,3.2143,0.0
2022-11-07,Bulawayo,-20.1325,28.6264,4,0,653337,0.6122,0.0
2022-11-14,Bulawayo,-20.1325,28.6264,13,0,653337,1.9898,0.0
2022-11-21,Bulawayo,-20.1325,28.6264,12,0,653337,1.8367,0.0
2022-11-28,Bulawayo,-20.1325,28.6264,7,0,653337,1.0714,0.0
2022-12-05,Bulawayo,-20.1325,28.6264,16,0,653337,2.449,0.0
2022-12-12,Bulawayo,-20.1325,28.6264,18,0,653337,2.7551,0.0
2022-12-19,Bulawayo,-20.1325,28.6264,15,0,653337,2.2959,0.0
2022-12-26,Bulawayo,-20.1325,28.6264,3,0,653337,0.4592,0.0
2023-01-02,Bulawayo,-20.1325,28.6264,8,0,653337,1.2245,0.0
2023-01-09,Bulawayo,-20.1325,28.6264,3,0,653337,0.4592,0.0
2023-01-16,Bulawayo,-20.1325,28.6264,11,0,653337,1.6837,0.0
2023-01-23,Bulawayo,-20.1325,28.6264,10,0,653337,1.5306,0.0
2023-01-30,Bulawayo,-20.1325,28.6264,7,0,653337,1.0714,0.0
2023-02-06,Bulawayo,-20.1325,28.6264,18,0,653337,2.7551,0.0
2023-02-13,Bulawayo,-20.1325,28.6264,4,1,653337,0.6122,0.25
2023-02-20,Bulawayo,-20.1325,28.6264,7,0,653337,1.0714,0.0
2023-02-27,Bulawayo,-20.1325,28.6264,22,0,653337,3.3673,0.0
2023-03-06,Bulawayo,-20.1325,28.6264,23,1,653337,3.5204,0.0435
2023-03-13,Bulawayo,-20.1325,28.6264,30,1,653337,4.5918,0.0333
2023-03-20,Bulawayo,-20.1325,28.6264,50,1,653337,7.653,0.02
2023-03-27,Bulawayo,-20.1325,28.6264,25,0,653337,3.8265,0.0
2023-04-03,Bulawayo,-20.1325,28.6264,28,2,653337,4.2857,0.0714
2023-04-10,Bulawayo,-20.1325,28.6264,35,1,653337,5.3571,0.0286
2023-04-17,Bulawayo,-20.1325,28.6264,40,0,653337,6.1224,0.0
2023-04-24,Bulawayo,-20.1325,28.6264,23,1,653337,3.5204,0.0435
2023-05-01,Bulawayo,-20.1325,28.6264,13,0,653337,1.9898,0.0
2023-05-08,Bulawayo,-20.1325,28.6264,31,0,653337,4.7449,0.0
2023-05-15,Bulawayo,-20.1325,28.6264,42,2,653337,6.4285,0.0476
2023-05-22,Bulawayo,-20.1325,28.6264,15,0,653337,2.2959,0.0
2023-05-29,Bulawayo,-20.1325,28.6264,25,0,653337,3.8265,0.0
2023-06-05,Bulawayo,-20.1325,28.6264,25,0,653337,3.8265,0.0
2023-06-12,Bulawayo,-20.1325,28.6264,31,3,653337,4.7449,0.0968
2023-06-19,Bulawayo,-20.1325,28.6264,26,1,653337,3.9796,0.0385
2023-06-26,Bulawayo,-20.1325,28.6264,18,1,653337,2.7551,0.0556
2023-07-03,Bulawayo,-20.1325,28.6264,19,1,653337,2.9081,0.0526
2023-07-10,Bulawayo,-20.1325,28.6264,10,0,653337,1.5306,0.0
2023-07-17,Bulawayo,-20.1325,28.6264,24,0,653337,3.6734,0.0
2023-07-24,Bulawayo,-20.1325,28.6264,5,0,653337,0.7653,0.0
2023-07-31,Bulawayo,-20.1325,28.6264,12,0,653337,1.8367,0.0
2023-08-07,Bulawayo,-20.1325,28.6264,12,2,653337,1.8367,0.1667
2023-08-14,Bulawayo,-20.1325,28.6264,19,0,653337,2.9081,0.0
2023-08-21,Bulawayo,-20.1325,28.6264,17,1,653337,2.602,0.0588
2023-08-28,Bulawayo,-20.1325,28.6264,25,0,653337,3.8265,0.0
2023-09-04,Bulawayo,-20.1325,28.6264,11,0,653337,1.6837,0.0
2023-09-11,Bulawayo,-20.1325,28.6264,4,0,653337,0.6122,0.0
2023-09-18,Bulawayo,-20.1325,28.6264,6,0,653337,0.9184,0.0
2023-09-25,Bulawayo,-20.1325,28.6264,4,0,653337,0.6122,0.0
2023-10-02,Bulawayo,-20.1325,28.6264,1,0,653337,0.1531,0.0
2023-10-09,Bulawayo,-20.1325,28.6264,6,0,653337,0.9184,0.0
2023-10-16,Bulawayo,-20.1325,28.6264,8,0,653337,1.2245,0.0
2023-10-23,Bulawayo,-20.1325,28.6264,10,0,653337,1.5306,0.0
2023-10-30,Bulawayo,-20.1325,28.6264,18,0,653337,2.7551,0.0
2023-11-06,Bulawayo,-20.1325,28.6264,14,0,653337,2.1428,0.0
2023-11-13,Bulawayo,-20.1325,28.6264,20,0,653337,3.0612,0.0
2023-11-20,Bulawayo,-20.1325,28.6264,27,0,653337,4.1326,0.0
2023-11-27,Bulawayo,-20.1325,28.6264,10,0,653337,1.5306,0.0
2023-12-04,Bulawayo,-20.1325,28.6264,14,0,653337,2.1428,0.0
2023-12-11,Bulawayo,-20.1325,28.6264,15,0,653337,2.2959,0.0
2023-12-18,Bulawayo,-20.1325,28.6264,20,0,653337,3.0612,0.0
2023-12-25,Bulawayo,-20.1325,28.6264,3,0,653337,0.4592,0.0
2024-01-01,Bulawayo,-20.1325,28.6264,5,0,653337,0.7653,0.0
2024-01-08,Bulawayo,-20.1325,28.6264,6,0,653337,0.9184,0.0
2024-01-15,Bulawayo,-20.1325,28.6264,6,0,653337,0.9184,0.0
2024-01-22,Bulawayo,-20.1325,28.6264,10,0,653337,1.5306,0.0
2024-01-29,Bulawayo,-20.1325,28.6264,11,0,653337,1.6837,0.0
2024-02-05,Bulawayo,-20.1325,28.6264,8,0,653337,1.2245,0.0
2024-02-12,Bulawayo,-20.1325,28.6264,3,0,653337,0.4592,0.0
2024-02-19,Bulawayo,-20.1325,28.6264,8,0,653337,1.2245,0.0
2024-02-26,Bulawayo,-20.1325,28.6264,5,0,653337,0.7653,0.0
2024-03-04,Bulawayo,-20.1325,28.6264,10,0,653337,1.5306,0.0
2024-03-11,Bulawayo,-20.1325,28.6264,5,0,653337,0.7653,0.0
2024-03-18,Bulawayo,-20.1325,28.6264,0,0,653337,0.0,0.0
2024-03-25,Bulawayo,-20.1325,28.6264,17,0,653337,2.602,0.0
2024-04-01,Bulawayo,-20.1325,28.6264,25,0,653337,3.8265,0.0
2024-04-08,Bulawayo,-20.1325,28.6264,9,0,653337,1.3775,0.0
2024-04-15,Bulawayo,-20.1325,28.6264,7,0,653337,1.0714,0.0
2024-04-22,Bulawayo,-20.1325,28.6264,7,0,653337,1.0714,0.0
2024-04-29,Bulawayo,-20.1325,28.6264,15,0,653337,2.2959,0.0
2024-05-06,Bulawayo,-20.1325,28.6264,5,0,653337,0.7653,0.0
2024-05-13,Bulawayo,-20.1325,28.6264,4,0,653337,0.6122,0.0
2024-05-20,Bulawayo,-20.1325,28.6264,8,0,653337,1.2245,0.0
2024-05-27,Bulawayo,-20.1325,28.6264,9,0,653337,1.3775,0.0
2024-06-03,Bulawayo,-20.1325,28.6264,12,0,653337,1.8367,0.0
2024-06-10,Bulawayo,-20.1325,28.6264,8,0,653337,1.2245,0.0
2024-06-17,Bulawayo,-20.1325,28.6264,5,0,653337,0.7653,0.0
2024-06-24,Bulawayo,-20.1325,28.6264,5,0,653337,0.7653,0.0
2024-07-01,Bulawayo,-20.1325,28.6264,14,0,653337,2.1428,0.0
2024-07-08,Bulawayo,-20.1325,28.6264,1,0,653337,0.1531,0.0
2024-07-15,Bulawayo,-20.1325,28.6264,3,0,653337,0.4592,0.0
2024-07-22,Bulawayo,-20.1325,28.6264,4,0,653337,0.6122,0.0
2024-07-29,Bulawayo,-20.1325,28.6264,3,0,653337,0.4592,0.0
2024-08-05,Bulawayo,-20.1325,28.6264,2,0,653337,0.3061,0.0
2024-08-12,Bulawayo,-20.1325,28.6264,1,0,653337,0.1531,0.0
2024-08-19,Bulawayo,-20.1325,28.6264,4,0,653337,0.6122,0.0
2024-08-26,Bulawayo,-20.1325,28.6264,3,0,653337,0.4592,0.0
2024-09-02,Bulawayo,-20.1325,28.6264,3,0,653337,0.4592,0.0
2024-09-09,Bulawayo,-20.1325,28.6264,1,0,653337,0.1531,0.0
2024-09-16,Bulawayo,-20.1325,28.6264,2,0,653337,0.3061,0.0
2024-09-23,Bulawayo,-20.1325,28.6264,2,0,653337,0.3061,0.0
2024-09-30,Bulawayo,-20.1325,28.6264,5,0,653337,0.7653,0.0
2024-10-07,Bulawayo,-20.1325,28.6264,12,0,653337,1.8367,0.0
2024-10-14,Bulawayo,-20.1325,28.6264,2,0,653337,0.3061,0.0
2024-10-21,Bulawayo,-20.1325,28.6264,17,1,653337,2.602,0.0588
2024-10-28,Bulawayo,-20.1325,28.6264,12,0,653337,1.8367,0.0
2024-11-04,Bulawayo,-20.1325,28.6264,13,0,653337,1.9898,0.0
2024-11-11,Bulawayo,-20.1325,28.6264,14,0,653337,2.1428,0.0
2024-11-18,Bulawayo,-20.1325,28.6264,13,0,653337,1.9898,0.0
2024-11-25,Bulawayo,-20.1325,28.6264,14,0,653337,2.1428,0.0
2024-12-02,Bulawayo,-20.1325,28.6264,15,0,653337,2.2959,0.0
2024-12-09,Bulawayo,-20.1325,28.6264,12,0,653337,1.8367,0.0
2024-12-16,Bulawayo,-20.1325,28.6264,25,0,653337,3.8265,0.0
2024-12-23,Bulawayo,-20.1325,28.6264,14,0,653337,2.1428,0.0
2024-12-30,Bulawayo,-20.1325,28.6264,14,0,653337,2.1428,0.0
2025-01-06,Bulawayo,-20.1325,28.6264,9,0,653337,1.3775,0.0
2025-01-13,Bulawayo,-20.1325,28.6264,9,0,653337,1.3775,0.0
2025-01-20,Bulawayo,-20.1325,28.6264,9,0,653337,1.3775,0.0
2025-01-27,Bulawayo,-20.1325,28.6264,18,0,653337,2.7551,0.0
2025-02-03,Bulawayo,-20.1325,28.6264,6,0,653337,0.9184,0.0
2025-02-10,Bulawayo,-20.1325,28.6264,7,0,653337,1.0714,0.0
2025-02-17,Bulawayo,-20.1325,28.6264,7,0,653337,1.0714,0.0
2025-02-24,Bulawayo,-20.1325,28.6264,5,0,653337,0.7653,0.0
2025-03-03,Bulawayo,-20.1325,28.6264,8,0,653337,1.2245,0.0
2025-03-10,Bulawayo,-20.1325,28.6264,30,0,653337,4.5918,0.0
2025-03-17,Bulawayo,-20.1325,28.6264,11,0,653337,1.6837,0.0
2025-03-24,Bulawayo,-20.1325,28.6264,26,0,653337,3.9796,0.0
2025-03-31,Bulawayo,-20.1325,28.6264,10,0,653337,1.5306,0.0
2025-04-07,Bulawayo,-20.1325,28.6264,16,0,653337,2.449,0.0
2025-04-14,Bulawayo,-20.1325,28.6264,9,0,653337,1.3775,0.0
2025-04-21,Bulawayo,-20.1325,28.6264,25,0,653337,3.8265,0.0
2025-04-28,Bulawayo,-20.1325,28.6264,16,0,653337,2.449,0.0
2025-05-05,Bulawayo,-20.1325,28.6264,21,0,653337,3.2143,0.0
2025-05-12,Bulawayo,-20.1325,28.6264,14,0,653337,2.1428,0.0
2025-05-19,Bulawayo,-20.1325,28.6264,8,0,653337,1.2245,0.0
2025-05-26,Bulawayo,-20.1325,28.6264,7,0,653337,1.0714,0.0
2025-06-02,Bulawayo,-20.1325,28.6264,19,0,653337,2.9081,0.0
2025-06-09,Bulawayo,-20.1325,28.6264,2,0,653337,0.3061,0.0
2025-06-16,Bulawayo,-20.1325,28.6264,4,0,653337,0.6122,0.0
2025-06-23,Bulawayo,-20.1325,28.6264,3,0,653337,0.4592,0.0
2025-06-30,Bulawayo,-20.1325,28.6264,6,0,653337,0.9184,0.0
2025-07-07,Bulawayo,-20.1325,28.6264,4,0,653337,0.6122,0.0
2025-07-14,Bulawayo,-20.1325,28.6264,6,0,653337,0.9184,0.0
2025-07-21,Bulawayo,-20.1325,28.6264,4,0,653337,0.6122,0.0
2025-07-28,Bulawayo,-20.1325,28.6264,9,0,653337,1.3775,0.0
2025-08-04,Bulawayo,-20.1325,28.6264,6,0,653337,0.9184,0.0
2025-08-11,Bulawayo,-20.1325,28.6264,3,0,653337,0.4592,0.0
2025-08-18,Bulawayo,-20.1325,28.6264,4,0,653337,0.6122,0.0
2025-08-25,Bulawayo,-20.1325,28.6264,2,0,653337,0.3061,0.0
2025-09-01,Bulawayo,-20.1325,28.6264,9,0,653337,1.3775,0.0
2025-09-08,Bulawayo,-20.1325,28.6264,5,0,653337,0.7653,0.0
2025-09-15,Bulawayo,-20.1325,28.6264,12,0,653337,1.8367,0.0
2025-09-22,Bulawayo,-20.1325,28.6264,3,0,653337,0.4592,0.0
2025-09-29,Bulawayo,-20.1325,28.6264,19,0,653337,2.9081,0.0
2025-10-06,Bulawayo,-20.1325,28.6264,2,0,653337,0.3061,0.0
2025-10-13,Bulawayo,-20.1325,28.6264,6,0,653337,0.9184,0.0
2025-10-20,Bulawayo,-20.1325,28.6264,5,0,653337,0.7653,0.0
2025-10-27,Bulawayo,-20.1325,28.6264,14,0,653337,2.1428,0.0
2025-11-03,Bulawayo,-20.1325,28.6264,17,0,653337,2.602,0.0
2025-11-10,Bulawayo,-20.1325,28.6264,16,0,653337,2.449,0.0
2025-11-17,Bulawayo,-20.1325,28.6264,24,0,653337,3.6734,0.0
2025-11-24,Bulawayo,-20.1325,28.6264,18,0,653337,2.7551,0.0
2025-12-01,Bulawayo,-20.1325,28.6264,24,0,653337,3.6734,0.0
2025-12-08,Bulawayo,-20.1325,28.6264,10,0,653337,1.5306,0.0
2025-12-15,Bulawayo,-20.1325,28.6264,8,0,653337,1.2245,0.0
2025-12-22,Bulawayo,-20.1325,28.6264,6,0,653337,0.9184,0.0
2025-12-29,Bulawayo,-20.1325,28.6264,11,0,653337,1.6837,0.0
2018-01-01,Chinhoyi,-17.3667,30.2,1,0,74309,1.3457,0.0
2018-01-08,Chinhoyi,-17.3667,30.2,1,0,74309,1.3457,0.0
2018-01-15,Chinhoyi,-17.3667,30.2,3,0,74309,4.0372,0.0
2018-01-22,Chinhoyi,-17.3667,30.2,2,0,74309,2.6915,0.0
2018-01-29,Chinhoyi,-17.3667,30.2,0,0,74309,0.0,0.0
2018-02-05,Chinhoyi,-17.3667,30.2,2,0,74309,2.6915,0.0
2018-02-12,Chinhoyi,-17.3667,30.2,1,0,74309,1.3457,0.0
2018-02-19,Chinhoyi,-17.3667,30.2,1,0,74309,1.3457,0.0
2018-02-26,Chinhoyi,-17.3667,30.2,0,0,74309,0.0,0.0
2018-03-05,Chinhoyi,-17.3667,30.2,1,0,74309,1.3457,0.0
2018-03-12,Chinhoyi,-17.3667,30.2,3,0,74309,4.0372,0.0
2018-03-19,Chinhoyi,-17.3667,30.2,3,0,74309,4.0372,0.0
2018-03-26,Chinhoyi,-17.3667,30.2,1,0,74309,1.3457,0.0
2018-04-02,Chinhoyi,-17.3667,30.2,2,0,74309,2.6915,0.0
2018-04-09,Chinhoyi,-17.3667,30.2,2,0,74309,2.6915,0.0
2018-04-16,Chinhoyi,-17.3667,30.2,1,0,74309,1.3457,0.0
2018-04-23,Chinhoyi,-17.3667,30.2,3,0,74309,4.0372,0.0
2018-04-30,Chinhoyi,-17.3667,30.2,5,0,74309,6.7287,0.0
2018-05-07,Chinhoyi,-17.3667,30.2,0,0,74309,0.0,0.0
2018-05-14,Chinhoyi,-17.3667,30.2,1,0,74309,1.3457,0.0
2018-05-21,Chinhoyi,-17.3667,30.2,1,0,74309,1.3457,0.0
2018-05-28,Chinhoyi,-17.3667,30.2,1,0,74309,1.3457,0.0
2018-06-04,Chinhoyi,-17.3667,30.2,1,0,74309,1.3457,0.0
2018-06-11,Chinhoyi,-17.3667,30.2,1,0,74309,1.3457,0.0
2018-06-18,Chinhoyi,-17.3667,30.2,3,0,74309,4.0372,0.0
2018-06-25,Chinhoyi,-17.3667,30.2,2,0,74309,2.6915,0.0
2018-07-02,Chinhoyi,-17.3667,30.2,0,0,74309,0.0,0.0
2018-07-09,Chinhoyi,-17.3667,30.2,1,0,74309,1.3457,0.0
2018-07-16,Chinhoyi,-17.3667,30.2,0,0,74309,0.0,0.0
2018-07-23,Chinhoyi,-17.3667,30.2,0,0,74309,0.0,0.0
2018-07-30,Chinhoyi,-17.3667,30.2,0,0,74309,0.0,0.0
2018-08-06,Chinhoyi,-17.3667,30.2,0,0,74309,0.0,0.0
2018-08-13,Chinhoyi,-17.3667,30.2,0,0,74309,0.0,0.0
2018-08-20,Chinhoyi,-17.3667,30.2,2,0,74309,2.6915,0.0
2018-08-27,Chinhoyi,-17.3667,30.2,0,0,74309,0.0,0.0
2018-09-03,Chinhoyi,-17.3667,30.2,3,0,74309,4.0372,0.0
2018-09-10,Chinhoyi,-17.3667,30.2,4,0,74309,5.3829,0.0
2018-09-17,Chinhoyi,-17.3667,30.2,6,0,74309,8.0744,0.0
2018-09-24,Chinhoyi,-17.3667,30.2,2,0,74309,2.6915,0.0
2018-10-01,Chinhoyi,-17.3667,30.2,2,0,74309,2.6915,0.0
2018-10-08,Chinhoyi,-17.3667,30.2,5,0,74309,6.7287,0.0
2018-10-15,Chinhoyi,-17.3667,30.2,3,0,74309,4.0372,0.0
2018-10-22,Chinhoyi,-17.3667,30.2,5,0,74309,6.7287,0.0
2018-10-29,Chinhoyi,-17.3667,30.2,8,0,74309,10.7659,0.0
2018-11-05,Chinhoyi,-17.3667,30.2,5,0,74309,6.7287,0.0
2018-11-12,Chinhoyi,-17.3667,30.2,9,0,74309,12.1116,0.0
2018-11-19,Chinhoyi,-17.3667,30.2,1,0,74309,1.3457,0.0
2018-11-26,Chinhoyi,-17.3667,30.2,3,0,74309,4.0372,0.0
2018-12-03,Chinhoyi,-17.3667,30.2,6,1,74309,8.0744,0.1667
2018-12-10,Chinhoyi,-17.3667,30.2,7,0,74309,9.4201,0.0
2018-12-17,Chinhoyi,-17.3667,30.2,5,0,74309,6.7287,0.0
2018-12-24,Chinhoyi,-17.3667,30.2,5,0,74309,6.7287,0.0
2018-12-31,Chinhoyi,-17.3667,30.2,9,0,74309,12.1116,0.0
2019-01-07,Chinhoyi,-17.3667,30.2,3,0,74309,4.0372,0.0
2019-01-14,Chinhoyi,-17.3667,30.2,1,0,74309,1.3457,0.0
2019-01-21,Chinhoyi,-17.3667,30.2,1,0,74309,1.3457,0.0
2019-01-28,Chinhoyi,-17.3667,30.2,4,0,74309,5.3829,0.0
2019-02-04,Chinhoyi,-17.3667,30.2,2,0,74309,2.6915,0.0
2019-02-11,Chinhoyi,-17.3667,30.2,4,0,74309,5.3829,0.0
2019-02-18,Chinhoyi,-17.3667,30.2,2,0,74309,2.6915,0.0
2019-02-25,Chinhoyi,-17.3667,30.2,0,0,74309,0.0,0.0
2019-03-04,Chinhoyi,-17.3667,30.2,1,0,74309,1.3457,0.0
2019-03-11,Chinhoyi,-17.3667,30.2,2,0,74309,2.6915,0.0
2019-03-18,Chinhoyi,-17.3667,30.2,4,1,74309,5.3829,0.25
2019-03-25,Chinhoyi,-17.3667,30.2,5,0,74309,6.7287,0.0
2019-04-01,Chinhoyi,-17.3667,30.2,14,0,74309,18.8402,0.0
2019-04-08,Chinhoyi,-17.3667,30.2,7,0,74309,9.4201,0.0
2019-04-15,Chinhoyi,-17.3667,30.2,8,0,74309,10.7659,0.0
2019-04-22,Chinhoyi,-17.3667,30.2,9,0,74309,12.1116,0.0
2019-04-29,Chinhoyi,-17.3667,30.2,8,0,74309,10.7659,0.0
2019-05-06,Chinhoyi,-17.3667,30.2,1,0,74309,1.3457,0.0
2019-05-13,Chinhoyi,-17.3667,30.2,1,0,74309,1.3457,0.0
2019-05-20,Chinhoyi,-17.3667,30.2,4,0,74309,5.3829,0.0
2019-05-27,Chinhoyi,-17.3667,30.2,2,0,74309,2.6915,0.0
2019-06-03,Chinhoyi,-17.3667,30.2,7,0,74309,9.4201,0.0
2019-06-10,Chinhoyi,-17.3667,30.2,9,1,74309,12.1116,0.1111
2019-06-17,Chinhoyi,-17.3667,30.2,1,0,74309,1.3457,0.0
2019-06-24,Chinhoyi,-17.3667,30.2,3,0,74309,4.0372,0.0
2019-07-01,Chinhoyi,-17.3667,30.2,0,0,74309,0.0,0.0
2019-07-08,Chinhoyi,-17.3667,30.2,2,0,74309,2.6915,0.0
2019-07-15,Chinhoyi,-17.3667,30.2,0,0,74309,0.0,0.0
2019-07-22,Chinhoyi,-17.3667,30.2,0,0,74309,0.0,0.0
2019-07-29,Chinhoyi,-17.3667,30.2,2,0,74309,2.6915,0.0
2019-08-05,Chinhoyi,-17.3667,30.2,1,0,74309,1.3457,0.0
2019-08-12,Chinhoyi,-17.3667,30.2,0,0,74309,0.0,0.0
2019-08-19,Chinhoyi,-17.3667,30.2,0,0,74309,0.0,0.0
2019-08-26,Chinhoyi,-17.3667,30.2,0,0,74309,0.0,0.0
2019-09-02,Chinhoyi,-17.3667,30.2,1,0,74309,1.3457,0.0
2019-09-09,Chinhoyi,-17.3667,30.2,2,0,74309,2.6915,0.0
2019-09-16,Chinhoyi,-17.3667,30.2,0,0,74309,0.0,0.0
2019-09-23,Chinhoyi,-17.3667,30.2,2,0,74309,2.6915,0.0
2019-09-30,Chinhoyi,-17.3667,30.2,1,0,74309,1.3457,0.0
2019-10-07,Chinhoyi,-17.3667,30.2,1,0,74309,1.3457,0.0
2019-10-14,Chinhoyi,-17.3667,30.2,0,0,74309,0.0,0.0
2019-10-21,Chinhoyi,-17.3667,30.2,5,0,74309,6.7287,0.0
2019-10-28,Chinhoyi,-17.3667,30.2,5,0,74309,6.7287,0.0
2019-11-04,Chinhoyi,-17.3667,30.2,0,0,74309,0.0,0.0
2019-11-11,Chinhoyi,-17.3667,30.2,6,0,74309,8.0744,0.0
2019-11-18,Chinhoyi,-17.3667,30.2,1,0,74309,1.3457,0.0
2019-11-25,Chinhoyi,-17.3667,30.2,3,0,74309,4.0372,0.0
2019-12-02,Chinhoyi,-17.3667,30.2,2,0,74309,2.6915,0.0
2019-12-09,Chinhoyi,-17.3667,30.2,0,0,74309,0.0,0.0
2019-12-16,Chinhoyi,-17.3667,30.2,1,0,74309,1.3457,0.0
2019-12-23,Chinhoyi,-17.3667,30.2,0,0,74309,0.0,0.0
2019-12-30,Chinhoyi,-17.3667,30.2,1,0,74309,1.3457,0.0
2020-01-06,Chinhoyi,-17.3667,30.2,1,0,74309,1.3457,0.0
2020-01-13,Chinhoyi,-17.3667,30.2,3,0,74309,4.0372,0.0
2020-01-20,Chinhoyi,-17.3667,30.2,3,0,74309,4.0372,0.0
2020-01-27,Chinhoyi,-17.3667,30.2,1,0,74309,1.3457,0.0
2020-02-03,Chinhoyi,-17.3667,30.2,0,0,74309,0.0,0.0
2020-02-10,Chinhoyi,-17.3667,30.2,0,0,74309,0.0,0.0
2020-02-17,Chinhoyi,-17.3667,30.2,3,0,74309,4.0372,0.0
2020-02-24,Chinhoyi,-17.3667,30.2,1,0,74309,1.3457,0.0
2020-03-02,Chinhoyi,-17.3667,30.2,1,0,74309,1.3457,0.0
2020-03-09,Chinhoyi,-17.3667,30.2,0,0,74309,0.0,0.0
2020-03-16,Chinhoyi,-17.3667,30.2,2,0,74309,2.6915,0.0
2020-03-23,Chinhoyi,-17.3667,30.2,2,0,74309,2.6915,0.0
2020-03-30,Chinhoyi,-17.3667,30.2,6,0,74309,8.0744,0.0
2020-04-06,Chinhoyi,-17.3667,30.2,6,0,74309,8.0744,0.0
2020-04-13,Chinhoyi,-17.3667,30.2,0,0,74309,0.0,0.0
2020-04-20,Chinhoyi,-17.3667,30.2,2,0,74309,2.6915,0.0
2020-04-27,Chinhoyi,-17.3667,30.2,1,0,74309,1.3457,0.0
2020-05-04,Chinhoyi,-17.3667,30.2,2,0,74309,2.6915,0.0
2020-05-11,Chinhoyi,-17.3667,30.2,1,0,74309,1.3457,0.0
2020-05-18,Chinhoyi,-17.3667,30.2,5,0,74309,6.7287,0.0
2020-05-25,Chinhoyi,-17.3667,30.2,1,0,74309,1.3457,0.0
2020-06-01,Chinhoyi,-17.3667,30.2,1,0,74309,1.3457,0.0
2020-06-08,Chinhoyi,-17.3667,30.2,0,0,74309,0.0,0.0
2020-06-15,Chinhoyi,-17.3667,30.2,1,0,74309,1.3457,0.0
2020-06-22,Chinhoyi,-17.3667,30.2,0,0,74309,0.0,0.0
2020-06-29,Chinhoyi,-17.3667,30.2,0,0,74309,0.0,0.0
2020-07-06,Chinhoyi,-17.3667,30.2,0,0,74309,0.0,0.0
2020-07-13,Chinhoyi,-17.3667,30.2,0,0,74309,0.0,0.0
2020-07-20,Chinhoyi,-17.3667,30.2,0,0,74309,0.0,0.0
2020-07-27,Chinhoyi,-17.3667,30.2,1,0,74309,1.3457,0.0
2020-08-03,Chinhoyi,-17.3667,30.2,0,0,74309,0.0,0.0
2020-08-10,Chinhoyi,-17.3667,30.2,0,0,74309,0.0,0.0
2020-08-17,Chinhoyi,-17.3667,30.2,1,0,74309,1.3457,0.0
2020-08-24,Chinhoyi,-17.3667,30.2,0,0,74309,0.0,0.0
2020-08-31,Chinhoyi,-17.3667,30.2,1,0,74309,1.3457,0.0
2020-09-07,Chinhoyi,-17.3667,30.2,0,0,74309,0.0,0.0
2020-09-14,Chinhoyi,-17.3667,30.2,0,0,74309,0.0,0.0
2020-09-21,Chinhoyi,-17.3667,30.2,0,0,74309,0.0,0.0
2020-09-28,Chinhoyi,-17.3667,30.2,0,0,74309,0.0,0.0
2020-10-05,Chinhoyi,-17.3667,30.2,0,0,74309,0.0,0.0
2020-10-12,Chinhoyi,-17.3667,30.2,0,0,74309,0.0,0.0
2020-10-19,Chinhoyi,-17.3667,30.2,0,0,74309,0.0,0.0
2020-10-26,Chinhoyi,-17.3667,30.2,0,0,74309,0.0,0.0
2020-11-02,Chinhoyi,-17.3667,30.2,3,0,74309,4.0372,0.0
2020-11-09,Chinhoyi,-17.3667,30.2,3,0,74309,4.0372,0.0
2020-11-16,Chinhoyi,-17.3667,30.2,1,0,74309,1.3457,0.0
2020-11-23,Chinhoyi,-17.3667,30.2,0,0,74309,0.0,0.0
2020-11-30,Chinhoyi,-17.3667,30.2,1,0,74309,1.3457,0.0
2020-12-07,Chinhoyi,-17.3667,30.2,2,0,74309,2.6915,0.0
2020-12-14,Chinhoyi,-17.3667,30.2,1,0,74309,1.3457,0.0
2020-12-21,Chinhoyi,-17.3667,30.2,0,0,74309,0.0,0.0
2020-12-28,Chinhoyi,-17.3667,30.2,2,0,74309,2.6915,0.0
2021-01-04,Chinhoyi,-17.3667,30.2,1,0,74309,1.3457,0.0
2021-01-11,Chinhoyi,-17.3667,30.2,0,0,74309,0.0,0.0
2021-01-18,Chinhoyi,-17.3667,30.2,0,0,74309,0.0,0.0
2021-01-25,Chinhoyi,-17.3667,30.2,0,0,74309,0.0,0.0
2021-02-01,Chinhoyi,-17.3667,30.2,0,0,74309,0.0,0.0
2021-02-08,Chinhoyi,-17.3667,30.2,0,0,74309,0.0,0.0
2021-02-15,Chinhoyi,-17.3667,30.2,0,0,74309,0.0,0.0
2021-02-22,Chinhoyi,-17.3667,30.2,0,0,74309,0.0,0.0
2021-03-01,Chinhoyi,-17.3667,30.2,3,0,74309,4.0372,0.0
2021-03-08,Chinhoyi,-17.3667,30.2,1,0,74309,1.3457,0.0
2021-03-15,Chinhoyi,-17.3667,30.2,1,0,74309,1.3457,0.0
2021-03-22,Chinhoyi,-17.3667,30.2,1,0,74309,1.3457,0.0
2021-03-29,Chinhoyi,-17.3667,30.2,2,0,74309,2.6915,0.0
2021-04-05,Chinhoyi,-17.3667,30.2,2,0,74309,2.6915,0.0
2021-04-12,Chinhoyi,-17.3667,30.2,0,0,74309,0.0,0.0
2021-04-19,Chinhoyi,-17.3667,30.2,6,0,74309,8.0744,0.0
2021-04-26,Chinhoyi,-17.3667,30.2,2,0,74309,2.6915,0.0
2021-05-03,Chinhoyi,-17.3667,30.2,1,0,74309,1.3457,0.0
2021-05-10,Chinhoyi,-17.3667,30.2,1,0,74309,1.3457,0.0
2021-05-17,Chinhoyi,-17.3667,30.2,2,0,74309,2.6915,0.0
2021-05-24,Chinhoyi,-17.3667,30.2,0,0,74309,0.0,0.0
2021-05-31,Chinhoyi,-17.3667,30.2,0,0,74309,0.0,0.0
2021-06-07,Chinhoyi,-17.3667,30.2,1,0,74309,1.3457,0.0
2021-06-14,Chinhoyi,-17.3667,30.2,3,0,74309,4.0372,0.0
2021-06-21,Chinhoyi,-17.3667,30.2,2,0,74309,2.6915,0.0
2021-06-28,Chinhoyi,-17.3667,30.2,2,0,74309,2.6915,0.0
2021-07-05,Chinhoyi,-17.3667,30.2,0,0,74309,0.0,0.0
2021-07-12,Chinhoyi,-17.3667,30.2,0,0,74309,0.0,0.0
2021-07-19,Chinhoyi,-17.3667,30.2,0,0,74309,0.0,0.0
2021-07-26,Chinhoyi,-17.3667,30.2,1,0,74309,1.3457,0.0
2021-08-02,Chinhoyi,-17.3667,30.2,0,0,74309,0.0,0.0
2021-08-09,Chinhoyi,-17.3667,30.2,1,0,74309,1.3457,0.0
2021-08-16,Chinhoyi,-17.3667,30.2,0,0,74309,0.0,0.0
2021-08-23,Chinhoyi,-17.3667,30.2,0,0,74309,0.0,0.0
2021-08-30,Chinhoyi,-17.3667,30.2,0,0,74309,0.0,0.0
2021-09-06,Chinhoyi,-17.3667,30.2,0,0,74309,0.0,0.0
2021-09-13,Chinhoyi,-17.3667,30.2,1,0,74309,1.3457,0.0
2021-09-20,Chinhoyi,-17.3667,30.2,1,0,74309,1.3457,0.0
2021-09-27,Chinhoyi,-17.3667,30.2,0,0,74309,0.0,0.0
2021-10-04,Chinhoyi,-17.3667,30.2,0,0,74309,0.0,0.0
2021-10-11,Chinhoyi,-17.3667,30.2,2,0,74309,2.6915,0.0
2021-10-18,Chinhoyi,-17.3667,30.2,0,0,74309,0.0,0.0
2021-10-25,Chinhoyi,-17.3667,30.2,1,0,74309,1.3457,0.0
2021-11-01,Chinhoyi,-17.3667,30.2,4,0,74309,5.3829,0.0
2021-11-08,Chinhoyi,-17.3667,30.2,8,1,74309,10.7659,0.125
2021-11-15,Chinhoyi,-17.3667,30.2,2,0,74309,2.6915,0.0
2021-11-22,Chinhoyi,-17.3667,30.2,3,0,74309,4.0372,0.0
2021-11-29,Chinhoyi,-17.3667,30.2,3,0,74309,4.0372,0.0
2021-12-06,Chinhoyi,-17.3667,30.2,0,0,74309,0.0,0.0
2021-12-13,Chinhoyi,-17.3667,30.2,2,0,74309,2.6915,0.0
2021-12-20,Chinhoyi,-17.3667,30.2,5,0,74309,6.7287,0.0
2021-12-27,Chinhoyi,-17.3667,30.2,0,0,74309,0.0,0.0
2022-01-03,Chinhoyi,-17.3667,30.2,2,0,74309,2.6915,0.0
2022-01-10,Chinhoyi,-17.3667,30.2,1,0,74309,1.3457,0.0
2022-01-17,Chinhoyi,-17.3667,30.2,1,0,74309,1.3457,0.0
2022-01-24,Chinhoyi,-17.3667,30.2,0,0,74309,0.0,0.0
2022-01-31,Chinhoyi,-17.3667,30.2,0,0,74309,0.0,0.0
2022-02-07,Chinhoyi,-17.3667,30.2,0,0,74309,0.0,0.0
2022-02-14,Chinhoyi,-17.3667,30.2,2,0,74309,2.6915,0.0
2022-02-21,Chinhoyi,-17.3667,30.2,2,0,74309,2.6915,0.0
2022-02-28,Chinhoyi,-17.3667,30.2,0,0,74309,0.0,0.0
2022-03-07,Chinhoyi,-17.3667,30.2,3,0,74309,4.0372,0.0
2022-03-14,Chinhoyi,-17.3667,30.2,1,0,74309,1.3457,0.0
2022-03-21,Chinhoyi,-17.3667,30.2,1,0,74309,1.3457,0.0
2022-03-28,Chinhoyi,-17.3667,30.2,1,0,74309,1.3457,0.0
2022-04-04,Chinhoyi,-17.3667,30.2,2,0,74309,2.6915,0.0
2022-04-11,Chinhoyi,-17.3667,30.2,3,0,74309,4.0372,0.0
2022-04-18,Chinhoyi,-17.3667,30.2,3,0,74309,4.0372,0.0
2022-04-25,Chinhoyi,-17.3667,30.2,3,0,74309,4.0372,0.0
2022-05-02,Chinhoyi,-17.3667,30.2,1,0,74309,1.3457,0.0
2022-05-09,Chinhoyi,-17.3667,30.2,1,0,74309,1.3457,0.0
2022-05-16,Chinhoyi,-17.3667,30.2,3,0,74309,4.0372,0.0
2022-05-23,Chinhoyi,-17.3667,30.2,3,0,74309,4.0372,0.0
2022-05-30,Chinhoyi,-17.3667,30.2,5,1,74309,6.7287,0.2
2022-06-06,Chinhoyi,-17.3667,30.2,0,0,74309,0.0,0.0
2022-06-13,Chinhoyi,-17.3667,30.2,3,0,74309,4.0372,0.0
2022-06-20,Chinhoyi,-17.3667,30.2,2,0,74309,2.6915,0.0
2022-06-27,Chinhoyi,-17.3667,30.2,0,0,74309,0.0,0.0
2022-07-04,Chinhoyi,-17.3667,30.2,0,0,74309,0.0,0.0
2022-07-11,Chinhoyi,-17.3667,30.2,0,0,74309,0.0,0.0
2022-07-18,Chinhoyi,-17.3667,30.2,0,0,74309,0.0,0.0
2022-07-25,Chinhoyi,-17.3667,30.2,0,0,74309,0.0,0.0
2022-08-01,Chinhoyi,-17.3667,30.2,1,0,74309,1.3457,0.0
2022-08-08,Chinhoyi,-17.3667,30.2,0,0,74309,0.0,0.0
2022-08-15,Chinhoyi,-17.3667,30.2,1,0,74309,1.3457,0.0
2022-08-22,Chinhoyi,-17.3667,30.2,2,0,74309,2.6915,0.0
2022-08-29,Chinhoyi,-17.3667,30.2,0,0,74309,0.0,0.0
2022-09-05,Chinhoyi,-17.3667,30.2,1,0,74309,1.3457,0.0
2022-09-12,Chinhoyi,-17.3667,30.2,1,0,74309,1.3457,0.0
2022-09-19,Chinhoyi,-17.3667,30.2,1,0,74309,1.3457,0.0
2022-09-26,Chinhoyi,-17.3667,30.2,1,0,74309,1.3457,0.0
2022-10-03,Chinhoyi,-17.3667,30.2,2,0,74309,2.6915,0.0
2022-10-10,Chinhoyi,-17.3667,30.2,1,0,74309,1.3457,0.0
2022-10-17,Chinhoyi,-17.3667,30.2,0,0,74309,0.0,0.0
2022-10-24,Chinhoyi,-17.3667,30.2,1,0,74309,1.3457,0.0
2022-10-31,Chinhoyi,-17.3667,30.2,2,0,74309,2.6915,0.0
2022-11-07,Chinhoyi,-17.3667,30.2,2,0,74309,2.6915,0.0
2022-11-14,Chinhoyi,-17.3667,30.2,1,0,74309,1.3457,0.0
2022-11-21,Chinhoyi,-17.3667,30.2,2,0,74309,2.6915,0.0
2022-11-28,Chinhoyi,-17.3667,30.2,2,0,74309,2.6915,0.0
2022-12-05,Chinhoyi,-17.3667,30.2,1,0,74309,1.3457,0.0
2022-12-12,Chinhoyi,-17.3667,30.2,1,0,74309,1.3457,0.0
2022-12-19,Chinhoyi,-17.3667,30.2,0,0,74309,0.0,0.0
2022-12-26,Chinhoyi,-17.3667,30.2,1,0,74309,1.3457,0.0
2023-01-02,Chinhoyi,-17.3667,30.2,0,0,74309,0.0,0.0
2023-01-09,Chinhoyi,-17.3667,30.2,0,0,74309,0.0,0.0
2023-01-16,Chinhoyi,-17.3667,30.2,0,0,74309,0.0,0.0
2023-01-23,Chinhoyi,-17.3667,30.2,0,0,74309,0.0,0.0
2023-01-30,Chinhoyi,-17.3667,30.2,2,0,74309,2.6915,0.0
2023-02-06,Chinhoyi,-17.3667,30.2,2,0,74309,2.6915,0.0
2023-02-13,Chinhoyi,-17.3667,30.2,2,0,74309,2.6915,0.0
2023-02-20,Chinhoyi,-17.3667,30.2,2,0,74309,2.6915,0.0
2023-02-27,Chinhoyi,-17.3667,30.2,4,0,74309,5.3829,0.0
2023-03-06,Chinhoyi,-17.3667,30.2,4,0,74309,5.3829,0.0
2023-03-13,Chinhoyi,-17.3667,30.2,3,0,74309,4.0372,0.0
2023-03-20,Chinhoyi,-17.3667,30.2,4,0,74309,5.3829,0.0
2023-03-27,Chinhoyi,-17.3667,30.2,4,0,74309,5.3829,0.0
2023-04-03,Chinhoyi,-17.3667,30.2,3,0,74309,4.0372,0.0
2023-04-10,Chinhoyi,-17.3667,30.2,7,0,74309,9.4201,0.0
2023-04-17,Chinhoyi,-17.3667,30.2,9,1,74309,12.1116,0.1111
2023-04-24,Chinhoyi,-17.3667,30.2,2,0,74309,2.6915,0.0
2023-05-01,Chinhoyi,-17.3667,30.2,1,0,74309,1.3457,0.0
2023-05-08,Chinhoyi,-17.3667,30.2,4,0,74309,5.3829,0.0
2023-05-15,Chinhoyi,-17.3667,30.2,2,0,74309,2.6915,0.0
2023-05-22,Chinhoyi,-17.3667,30.2,2,0,74309,2.6915,0.0
2023-05-29,Chinhoyi,-17.3667,30.2,5,0,74309,6.7287,0.0
2023-06-05,Chinhoyi,-17.3667,30.2,3,0,74309,4.0372,0.0
2023-06-12,Chinhoyi,-17.3667,30.2,2,0,74309,2.6915,0.0
2023-06-19,Chinhoyi,-17.3667,30.2,4,0,74309,5.3829,0.0
2023-06-26,Chinhoyi,-17.3667,30.2,2,0,74309,2.6915,0.0
2023-07-03,Chinhoyi,-17.3667,30.2,5,0,74309,6.7287,0.0
2023-07-10,Chinhoyi,-17.3667,30.2,1,0,74309,1.3457,0.0
2023-07-17,Chinhoyi,-17.3667,30.2,2,0,74309,2.6915,0.0
2023-07-24,Chinhoyi,-17.3667,30.2,1,0,74309,1.3457,0.0
2023-07-31,Chinhoyi,-17.3667,30.2,2,0,74309,2.6915,0.0
2023-08-07,Chinhoyi,-17.3667,30.2,3,0,74309,4.0372,0.0
2023-08-14,Chinhoyi,-17.3667,30.2,2,0,74309,2.6915,0.0
2023-08-21,Chinhoyi,-17.3667,30.2,5,0,74309,6.7287,0.0
2023-08-28,Chinhoyi,-17.3667,30.2,5,0,74309,6.7287,0.0
2023-09-04,Chinhoyi,-17.3667,30.2,0,0,74309,0.0,0.0
2023-09-11,Chinhoyi,-17.3667,30.2,2,0,74309,2.6915,0.0
2023-09-18,Chinhoyi,-17.3667,30.2,0,0,74309,0.0,0.0
2023-09-25,Chinhoyi,-17.3667,30.2,2,0,74309,2.6915,0.0
2023-10-02,Chinhoyi,-17.3667,30.2,1,0,74309,1.3457,0.0
2023-10-09,Chinhoyi,-17.3667,30.2,5,0,74309,6.7287,0.0
2023-10-16,Chinhoyi,-17.3667,30.2,1,0,74309,1.3457,0.0
2023-10-23,Chinhoyi,-17.3667,30.2,2,0,74309,2.6915,0.0
2023-10-30,Chinhoyi,-17.3667,30.2,2,0,74309,2.6915,0.0
2023-11-06,Chinhoyi,-17.3667,30.2,3,0,74309,4.0372,0.0
2023-11-13,Chinhoyi,-17.3667,30.2,1,0,74309,1.3457,0.0
2023-11-20,Chinhoyi,-17.3667,30.2,1,0,74309,1.3457,0.0
2023-11-27,Chinhoyi,-17.3667,30.2,2,0,74309,2.6915,0.0
2023-12-04,Chinhoyi,-17.3667,30.2,3,0,74309,4.0372,0.0
2023-12-11,Chinhoyi,-17.3667,30.2,0,0,74309,0.0,0.0
2023-12-18,Chinhoyi,-17.3667,30.2,0,0,74309,0.0,0.0
2023-12-25,Chinhoyi,-17.3667,30.2,1,0,74309,1.3457,0.0
2024-01-01,Chinhoyi,-17.3667,30.2,1,0,74309,1.3457,0.0
2024-01-08,Chinhoyi,-17.3667,30.2,1,0,74309,1.3457,0.0
2024-01-15,Chinhoyi,-17.3667,30.2,1,0,74309,1.3457,0.0
2024-01-22,Chinhoyi,-17.3667,30.2,0,0,74309,0.0,0.0
2024-01-29,Chinhoyi,-17.3667,30.2,0,0,74309,0.0,0.0
2024-02-05,Chinhoyi,-17.3667,30.2,1,0,74309,1.3457,0.0
2024-02-12,Chinhoyi,-17.3667,30.2,1,0,74309,1.3457,0.0
2024-02-19,Chinhoyi,-17.3667,30.2,0,0,74309,0.0,0.0
2024-02-26,Chinhoyi,-17.3667,30.2,2,0,74309,2.6915,0.0
2024-03-04,Chinhoyi,-17.3667,30.2,2,0,74309,2.6915,0.0
2024-03-11,Chinhoyi,-17.3667,30.2,4,0,74309,5.3829,0.0
2024-03-18,Chinhoyi,-17.3667,30.2,3,0,74309,4.0372,0.0
2024-03-25,Chinhoyi,-17.3667,30.2,2,0,74309,2.6915,0.0
2024-04-01,Chinhoyi,-17.3667,30.2,0,0,74309,0.0,0.0
2024-04-08,Chinhoyi,-17.3667,30.2,8,0,74309,10.7659,0.0
2024-04-15,Chinhoyi,-17.3667,30.2,5,0,74309,6.7287,0.0
2024-04-22,Chinhoyi,-17.3667,30.2,1,0,74309,1.3457,0.0
2024-04-29,Chinhoyi,-17.3667,30.2,2,0,74309,2.6915,0.0
2024-05-06,Chinhoyi,-17.3667,30.2,3,0,74309,4.0372,0.0
2024-05-13,Chinhoyi,-17.3667,30.2,2,0,74309,2.6915,0.0
2024-05-20,Chinhoyi,-17.3667,30.2,0,0,74309,0.0,0.0
2024-05-27,Chinhoyi,-17.3667,30.2,1,0,74309,1.3457,0.0
2024-06-03,Chinhoyi,-17.3667,30.2,1,0,74309,1.3457,0.0
2024-06-10,Chinhoyi,-17.3667,30.2,5,0,74309,6.7287,0.0
2024-06-17,Chinhoyi,-17.3667,30.2,2,0,74309,2.6915,0.0
2024-06-24,Chinhoyi,-17.3667,30.2,1,0,74309,1.3457,0.0
2024-07-01,Chinhoyi,-17.3667,30.2,2,0,74309,2.6915,0.0
2024-07-08,Chinhoyi,-17.3667,30.2,0,0,74309,0.0,0.0
2024-07-15,Chinhoyi,-17.3667,30.2,0,0,74309,0.0,0.0
2024-07-22,Chinhoyi,-17.3667,30.2,0,0,74309,0.0,0.0
2024-07-29,Chinhoyi,-17.3667,30.2,0,0,74309,0.0,0.0
2024-08-05,Chinhoyi,-17.3667,30.2,0,0,74309,0.0,0.0
2024-08-12,Chinhoyi,-17.3667,30.2,0,0,74309,0.0,0.0
2024-08-19,Chinhoyi,-17.3667,30.2,0,0,74309,0.0,0.0
2024-08-26,Chinhoyi,-17.3667,30.2,1,0,74309,1.3457,0.0
2024-09-02,Chinhoyi,-17.3667,30.2,2,0,74309,2.6915,0.0
2024-09-09,Chinhoyi,-17.3667,30.2,0,0,74309,0.0,0.0
2024-09-16,Chinhoyi,-17.3667,30.2,1,0,74309,1.3457,0.0
2024-09-23,Chinhoyi,-17.3667,30.2,0,0,74309,0.0,0.0
2024-09-30,Chinhoyi,-17.3667,30.2,0,0,74309,0.0,0.0
2024-10-07,Chinhoyi,-17.3667,30.2,0,0,74309,0.0,0.0
2024-10-14,Chinhoyi,-17.3667,30.2,1,0,74309,1.3457,0.0
2024-10-21,Chinhoyi,-17.3667,30.2,2,1,74309,2.6915,0.5
2024-10-28,Chinhoyi,-17.3667,30.2,0,0,74309,0.0,0.0
2024-11-04,Chinhoyi,-17.3667,30.2,0,0,74309,0.0,0.0
2024-11-11,Chinhoyi,-17.3667,30.2,7,0,74309,9.4201,0.0
2024-11-18,Chinhoyi,-17.3667,30.2,0,0,74309,0.0,0.0
2024-11-25,Chinhoyi,-17.3667,30.2,2,0,74309,2.6915,0.0
2024-12-02,Chinhoyi,-17.3667,30.2,4,0,74309,5.3829,0.0
2024-12-09,Chinhoyi,-17.3667,30.2,1,0,74309,1.3457,0.0
2024-12-16,Chinhoyi,-17.3667,30.2,2,0,74309,2.6915,0.0
2024-12-23,Chinhoyi,-17.3667,30.2,2,0,74309,2.6915,0.0
2024-12-30,Chinhoyi,-17.3667,30.2,2,0,74309,2.6915,0.0
2025-01-06,Chinhoyi,-17.3667,30.2,1,0,74309,1.3457,0.0
2025-01-13,Chinhoyi,-17.3667,30.2,2,0,74309,2.6915,0.0
2025-01-20,Chinhoyi,-17.3667,30.2,2,0,74309,2.6915,0.0
2025-01-27,Chinhoyi,-17.3667,30.2,0,0,74309,0.0,0.0
2025-02-03,Chinhoyi,-17.3667,30.2,0,0,74309,0.0,0.0
2025-02-10,Chinhoyi,-17.3667,30.2,1,0,74309,1.3457,0.0
2025-02-17,Chinhoyi,-17.3667,30.2,1,0,74309,1.3457,0.0
2025-02-24,Chinhoyi,-17.3667,30.2,0,0,74309,0.0,0.0
2025-03-03,Chinhoyi,-17.3667,30.2,1,0,74309,1.3457,0.0
2025-03-10,Chinhoyi,-17.3667,30.2,2,0,74309,2.6915,0.0
2025-03-17,Chinhoyi,-17.3667,30.2,0,0,74309,0.0,0.0
2025-03-24,Chinhoyi,-17.3667,30.2,3,0,74309,4.0372,0.0
2025-03-31,Chinhoyi,-17.3667,30.2,3,0,74309,4.0372,0.0
2025-04-07,Chinhoyi,-17.3667,30.2,3,0,74309,4.0372,0.0
2025-04-14,Chinhoyi,-17.3667,30.2,3,0,74309,4.0372,0.0
2025-04-21,Chinhoyi,-17.3667,30.2,2,0,74309,2.6915,0.0
2025-04-28,Chinhoyi,-17.3667,30.2,3,0,74309,4.0372,0.0
2025-05-05,Chinhoyi,-17.3667,30.2,1,0,74309,1.3457,0.0
2025-05-12,Chinhoyi,-17.3667,30.2,0,0,74309,0.0,0.0
2025-05-19,Chinhoyi,-17.3667,30.2,0,0,74309,0.0,0.0
2025-05-26,Chinhoyi,-17.3667,30.2,1,0,74309,1.3457,0.0
2025-06-02,Chinhoyi,-17.3667,30.2,1,0,74309,1.3457,0.0
2025-06-09,Chinhoyi,-17.3667,30.2,0,0,74309,0.0,0.0
2025-06-16,Chinhoyi,-17.3667,30.2,1,0,74309,1.3457,0.0
2025-06-23,Chinhoyi,-17.3667,30.2,2,0,74309,2.6915,0.0
2025-06-30,Chinhoyi,-17.3667,30.2,0,0,74309,0.0,0.0
2025-07-07,Chinhoyi,-17.3667,30.2,0,0,74309,0.0,0.0
2025-07-14,Chinhoyi,-17.3667,30.2,0,0,74309,0.0,0.0
2025-07-21,Chinhoyi,-17.3667,30.2,0,0,74309,0.0,0.0
2025-07-28,Chinhoyi,-17.3667,30.2,2,0,74309,2.6915,0.0
2025-08-04,Chinhoyi,-17.3667,30.2,1,0,74309,1.3457,0.0
2025-08-11,Chinhoyi,-17.3667,30.2,0,0,74309,0.0,0.0
2025-08-18,Chinhoyi,-17.3667,30.2,0,0,74309,0.0,0.0
2025-08-25,Chinhoyi,-17.3667,30.2,0,0,74309,0.0,0.0
2025-09-01,Chinhoyi,-17.3667,30.2,0,0,74309,0.0,0.0
2025-09-08,Chinhoyi,-17.3667,30.2,0,0,74309,0.0,0.0
2025-09-15,Chinhoyi,-17.3667,30.2,1,0,74309,1.3457,0.0
2025-09-22,Chinhoyi,-17.3667,30.2,0,0,74309,0.0,0.0
2025-09-29,Chinhoyi,-17.3667,30.2,3,0,74309,4.0372,0.0
2025-10-06,Chinhoyi,-17.3667,30.2,1,0,74309,1.3457,0.0
2025-10-13,Chinhoyi,-17.3667,30.2,0,0,74309,0.0,0.0
2025-10-20,Chinhoyi,-17.3667,30.2,0,0,74309,0.0,0.0
2025-10-27,Chinhoyi,-17.3667,30.2,0,0,74309,0.0,0.0
2025-11-03,Chinhoyi,-17.3667,30.2,2,0,74309,2.6915,0.0
2025-11-10,Chinhoyi,-17.3667,30.2,2,0,74309,2.6915,0.0
2025-11-17,Chinhoyi,-17.3667,30.2,1,0,74309,1.3457,0.0
2025-11-24,Chinhoyi,-17.3667,30.2,2,0,74309,2.6915,0.0
2025-12-01,Chinhoyi,-17.3667,30.2,4,0,74309,5.3829,0.0
2025-12-08,Chinhoyi,-17.3667,30.2,3,1,74309,4.0372,0.3333
2025-12-15,Chinhoyi,-17.3667,30.2,2,0,74309,2.6915,0.0
2025-12-22,Chinhoyi,-17.3667,30.2,2,0,74309,2.6915,0.0
2025-12-29,Chinhoyi,-17.3667,30.2,0,0,74309,0.0,0.0
2018-01-01,Chitungwiza,-18.0127,31.0758,8,0,354472,2.2569,0.0
2018-01-08,Chitungwiza,-18.0127,31.0758,3,0,354472,0.8463,0.0
2018-01-15,Chitungwiza,-18.0127,31.0758,5,0,354472,1.4105,0.0
2018-01-22,Chitungwiza,-18.0127,31.0758,3,0,354472,0.8463,0.0
2018-01-29,Chitungwiza,-18.0127,31.0758,4,0,354472,1.1284,0.0
2018-02-05,Chitungwiza,-18.0127,31.0758,1,0,354472,0.2821,0.0
2018-02-12,Chitungwiza,-18.0127,31.0758,2,0,354472,0.5642,0.0
2018-02-19,Chitungwiza,-18.0127,31.0758,0,0,354472,0.0,0.0
2018-02-26,Chitungwiza,-18.0127,31.0758,8,0,354472,2.2569,0.0
2018-03-05,Chitungwiza,-18.0127,31.0758,4,1,354472,1.1284,0.25
2018-03-12,Chitungwiza,-18.0127,31.0758,12,0,354472,3.3853,0.0
2018-03-19,Chitungwiza,-18.0127,31.0758,9,0,354472,2.539,0.0
2018-03-26,Chitungwiza,-18.0127,31.0758,7,0,354472,1.9748,0.0
2018-04-02,Chitungwiza,-18.0127,31.0758,2,0,354472,0.5642,0.0
2018-04-09,Chitungwiza,-18.0127,31.0758,21,0,354472,5.9243,0.0
2018-04-16,Chitungwiza,-18.0127,31.0758,21,0,354472,5.9243,0.0
2018-04-23,Chitungwiza,-18.0127,31.0758,8,0,354472,2.2569,0.0
2018-04-30,Chitungwiza,-18.0127,31.0758,15,0,354472,4.2316,0.0
2018-05-07,Chitungwiza,-18.0127,31.0758,5,0,354472,1.4105,0.0
2018-05-14,Chitungwiza,-18.0127,31.0758,3,0,354472,0.8463,0.0
2018-05-21,Chitungwiza,-18.0127,31.0758,4,0,354472,1.1284,0.0
2018-05-28,Chitungwiza,-18.0127,31.0758,8,0,354472,2.2569,0.0
2018-06-04,Chitungwiza,-18.0127,31.0758,0,0,354472,0.0,0.0
2018-06-11,Chitungwiza,-18.0127,31.0758,6,0,354472,1.6927,0.0
2018-06-18,Chitungwiza,-18.0127,31.0758,4,0,354472,1.1284,0.0
2018-06-25,Chitungwiza,-18.0127,31.0758,3,0,354472,0.8463,0.0
2018-07-02,Chitungwiza,-18.0127,31.0758,6,0,354472,1.6927,0.0
2018-07-09,Chitungwiza,-18.0127,31.0758,4,1,354472,1.1284,0.25
2018-07-16,Chitungwiza,-18.0127,31.0758,1,0,354472,0.2821,0.0
2018-07-23,Chitungwiza,-18.0127,31.0758,4,0,354472,1.1284,0.0
2018-07-30,Chitungwiza,-18.0127,31.0758,0,0,354472,0.0,0.0
2018-08-06,Chitungwiza,-18.0127,31.0758,1,0,354472,0.2821,0.0
2018-08-13,Chitungwiza,-18.0127,31.0758,3,0,354472,0.8463,0.0
2018-08-20,Chitungwiza,-18.0127,31.0758,0,0,354472,0.0,0.0
2018-08-27,Chitungwiza,-18.0127,31.0758,1,0,354472,0.2821,0.0
2018-09-03,Chitungwiza,-18.0127,31.0758,9,0,354472,2.539,0.0
2018-09-10,Chitungwiza,-18.0127,31.0758,17,0,354472,4.7959,0.0
2018-09-17,Chitungwiza,-18.0127,31.0758,25,0,354472,7.0527,0.0
2018-09-24,Chitungwiza,-18.0127,31.0758,23,0,354472,6.4885,0.0
2018-10-01,Chitungwiza,-18.0127,31.0758,38,0,354472,10.7202,0.0
2018-10-08,Chitungwiza,-18.0127,31.0758,8,0,354472,2.2569,0.0
2018-10-15,Chitungwiza,-18.0127,31.0758,45,1,354472,12.6949,0.0222
2018-10-22,Chitungwiza,-18.0127,31.0758,17,0,354472,4.7959,0.0
2018-10-29,Chitungwiza,-18.0127,31.0758,23,1,354472,6.4885,0.0435
2018-11-05,Chitungwiza,-18.0127,31.0758,38,2,354472,10.7202,0.0526
2018-11-12,Chitungwiza,-18.0127,31.0758,28,0,354472,7.8991,0.0
2018-11-19,Chitungwiza,-18.0127,31.0758,65,0,354472,18.3371,0.0
2018-11-26,Chitungwiza,-18.0127,31.0758,35,0,354472,9.8738,0.0
2018-12-03,Chitungwiza,-18.0127,31.0758,25,1,354472,7.0527,0.04
2018-12-10,Chitungwiza,-18.0127,31.0758,33,1,354472,9.3096,0.0303
2018-12-17,Chitungwiza,-18.0127,31.0758,30,0,354472,8.4633,0.0
2018-12-24,Chitungwiza,-18.0127,31.0758,25,0,354472,7.0527,0.0
2018-12-31,Chitungwiza,-18.0127,31.0758,18,0,354472,5.078,0.0
2019-01-07,Chitungwiza,-18.0127,31.0758,21,0,354472,5.9243,0.0
2019-01-14,Chitungwiza,-18.0127,31.0758,4,0,354472,1.1284,0.0
2019-01-21,Chitungwiza,-18.0127,31.0758,2,0,354472,0.5642,0.0
2019-01-28,Chitungwiza,-18.0127,31.0758,28,1,354472,7.8991,0.0357
2019-02-04,Chitungwiza,-18.0127,31.0758,9,1,354472,2.539,0.1111
2019-02-11,Chitungwiza,-18.0127,31.0758,10,0,354472,2.8211,0.0
2019-02-18,Chitungwiza,-18.0127,31.0758,12,0,354472,3.3853,0.0
2019-02-25,Chitungwiza,-18.0127,31.0758,2,0,354472,0.5642,0.0
2019-03-04,Chitungwiza,-18.0127,31.0758,4,1,354472,1.1284,0.25
2019-03-11,Chitungwiza,-18.0127,31.0758,19,0,354472,5.3601,0.0
2019-03-18,Chitungwiza,-18.0127,31.0758,42,1,354472,11.8486,0.0238
2019-03-25,Chitungwiza,-18.0127,31.0758,37,0,354472,10.4381,0.0
2019-04-01,Chitungwiza,-18.0127,31.0758,30,0,354472,8.4633,0.0
2019-04-08,Chitungwiza,-18.0127,31.0758,19,0,354472,5.3601,0.0
2019-04-15,Chitungwiza,-18.0127,31.0758,29,0,354472,8.1812,0.0
2019-04-22,Chitungwiza,-18.0127,31.0758,40,0,354472,11.2844,0.0
2019-04-29,Chitungwiza,-18.0127,31.0758,51,1,354472,14.3876,0.0196
2019-05-06,Chitungwiza,-18.0127,31.0758,28,1,354472,7.8991,0.0357
2019-05-13,Chitungwiza,-18.0127,31.0758,18,0,354472,5.078,0.0
2019-05-20,Chitungwiza,-18.0127,31.0758,7,0,354472,1.9748,0.0
2019-05-27,Chitungwiza,-18.0127,31.0758,37,0,354472,10.4381,0.0
2019-06-03,Chitungwiza,-18.0127,31.0758,46,0,354472,12.977,0.0
2019-06-10,Chitungwiza,-18.0127,31.0758,13,0,354472,3.6674,0.0
2019-06-17,Chitungwiza,-18.0127,31.0758,14,0,354472,3.9495,0.0
2019-06-24,Chitungwiza,-18.0127,31.0758,31,0,354472,8.7454,0.0
2019-07-01,Chitungwiza,-18.0127,31.0758,2,0,354472,0.5642,0.0
2019-07-08,Chitungwiza,-18.0127,31.0758,0,0,354472,0.0,0.0
2019-07-15,Chitungwiza,-18.0127,31.0758,6,0,354472,1.6927,0.0
2019-07-22,Chitungwiza,-18.0127,31.0758,3,0,354472,0.8463,0.0
2019-07-29,Chitungwiza,-18.0127,31.0758,5,0,354472,1.4105,0.0
2019-08-05,Chitungwiza,-18.0127,31.0758,2,0,354472,0.5642,0.0
2019-08-12,Chitungwiza,-18.0127,31.0758,0,0,354472,0.0,0.0
2019-08-19,Chitungwiza,-18.0127,31.0758,1,0,354472,0.2821,0.0
2019-08-26,Chitungwiza,-18.0127,31.0758,1,0,354472,0.2821,0.0
2019-09-02,Chitungwiza,-18.0127,31.0758,4,0,354472,1.1284,0.0
2019-09-09,Chitungwiza,-18.0127,31.0758,3,0,354472,0.8463,0.0
2019-09-16,Chitungwiza,-18.0127,31.0758,4,0,354472,1.1284,0.0
2019-09-23,Chitungwiza,-18.0127,31.0758,4,0,354472,1.1284,0.0
2019-09-30,Chitungwiza,-18.0127,31.0758,4,0,354472,1.1284,0.0
2019-10-07,Chitungwiza,-18.0127,31.0758,11,0,354472,3.1032,0.0
2019-10-14,Chitungwiza,-18.0127,31.0758,9,1,354472,2.539,0.1111
2019-10-21,Chitungwiza,-18.0127,31.0758,9,0,354472,2.539,0.0
2019-10-28,Chitungwiza,-18.0127,31.0758,11,0,354472,3.1032,0.0
2019-11-04,Chitungwiza,-18.0127,31.0758,5,0,354472,1.4105,0.0
2019-11-11,Chitungwiza,-18.0127,31.0758,7,0,354472,1.9748,0.0
2019-11-18,Chitungwiza,-18.0127,31.0758,6,0,354472,1.6927,0.0
2019-11-25,Chitungwiza,-18.0127,31.0758,14,0,354472,3.9495,0.0
2019-12-02,Chitungwiza,-18.0127,31.0758,3,0,354472,0.8463,0.0
2019-12-09,Chitungwiza,-18.0127,31.0758,22,0,354472,6.2064,0.0
2019-12-16,Chitungwiza,-18.0127,31.0758,18,1,354472,5.078,0.0556
2019-12-23,Chitungwiza,-18.0127,31.0758,6,0,354472,1.6927,0.0
2019-12-30,Chitungwiza,-18.0127,31.0758,3,0,354472,0.8463,0.0
2020-01-06,Chitungwiza,-18.0127,31.0758,16,0,354472,4.5138,0.0
2020-01-13,Chitungwiza,-18.0127,31.0758,12,0,354472,3.3853,0.0
2020-01-20,Chitungwiza,-18.0127,31.0758,15,0,354472,4.2316,0.0
2020-01-27,Chitungwiza,-18.0127,31.0758,4,0,354472,1.1284,0.0
2020-02-03,Chitungwiza,-18.0127,31.0758,11,0,354472,3.1032,0.0
2020-02-10,Chitungwiza,-18.0127,31.0758,6,1,354472,1.6927,0.1667
2020-02-17,Chitungwiza,-18.0127,31.0758,3,0,354472,0.8463,0.0
2020-02-24,Chitungwiza,-18.0127,31.0758,6,0,354472,1.6927,0.0
2020-03-02,Chitungwiza,-18.0127,31.0758,5,0,354472,1.4105,0.0
2020-03-09,Chitungwiza,-18.0127,31.0758,16,1,354472,4.5138,0.0625
2020-03-16,Chitungwiza,-18.0127,31.0758,11,2,354472,3.1032,0.1818
2020-03-23,Chitungwiza,-18.0127,31.0758,14,0,354472,3.9495,0.0
2020-03-30,Chitungwiza,-18.0127,31.0758,15,0,354472,4.2316,0.0
2020-04-06,Chitungwiza,-18.0127,31.0758,33,1,354472,9.3096,0.0303
2020-04-13,Chitungwiza,-18.0127,31.0758,4,0,354472,1.1284,0.0
2020-04-20,Chitungwiza,-18.0127,31.0758,12,0,354472,3.3853,0.0
2020-04-27,Chitungwiza,-18.0127,31.0758,9,0,354472,2.539,0.0
2020-05-04,Chitungwiza,-18.0127,31.0758,12,0,354472,3.3853,0.0
2020-05-11,Chitungwiza,-18.0127,31.0758,10,0,354472,2.8211,0.0
2020-05-18,Chitungwiza,-18.0127,31.0758,4,0,354472,1.1284,0.0
2020-05-25,Chitungwiza,-18.0127,31.0758,9,0,354472,2.539,0.0
2020-06-01,Chitungwiza,-18.0127,31.0758,11,0,354472,3.1032,0.0
2020-06-08,Chitungwiza,-18.0127,31.0758,1,0,354472,0.2821,0.0
2020-06-15,Chitungwiza,-18.0127,31.0758,5,0,354472,1.4105,0.0
2020-06-22,Chitungwiza,-18.0127,31.0758,1,0,354472,0.2821,0.0
2020-06-29,Chitungwiza,-18.0127,31.0758,2,0,354472,0.5642,0.0
2020-07-06,Chitungwiza,-18.0127,31.0758,1,0,354472,0.2821,0.0
2020-07-13,Chitungwiza,-18.0127,31.0758,4,0,354472,1.1284,0.0
2020-07-20,Chitungwiza,-18.0127,31.0758,1,0,354472,0.2821,0.0
2020-07-27,Chitungwiza,-18.0127,31.0758,4,0,354472,1.1284,0.0
2020-08-03,Chitungwiza,-18.0127,31.0758,6,0,354472,1.6927,0.0
2020-08-10,Chitungwiza,-18.0127,31.0758,3,0,354472,0.8463,0.0
2020-08-17,Chitungwiza,-18.0127,31.0758,2,0,354472,0.5642,0.0
2020-08-24,Chitungwiza,-18.0127,31.0758,3,0,354472,0.8463,0.0
2020-08-31,Chitungwiza,-18.0127,31.0758,4,0,354472,1.1284,0.0
2020-09-07,Chitungwiza,-18.0127,31.0758,0,0,354472,0.0,0.0
2020-09-14,Chitungwiza,-18.0127,31.0758,10,0,354472,2.8211,0.0
2020-09-21,Chitungwiza,-18.0127,31.0758,7,1,354472,1.9748,0.1429
2020-09-28,Chitungwiza,-18.0127,31.0758,4,0,354472,1.1284,0.0
2020-10-05,Chitungwiza,-18.0127,31.0758,5,0,354472,1.4105,0.0
2020-10-12,Chitungwiza,-18.0127,31.0758,4,0,354472,1.1284,0.0
2020-10-19,Chitungwiza,-18.0127,31.0758,12,0,354472,3.3853,0.0
2020-10-26,Chitungwiza,-18.0127,31.0758,6,0,354472,1.6927,0.0
2020-11-02,Chitungwiza,-18.0127,31.0758,11,0,354472,3.1032,0.0
2020-11-09,Chitungwiza,-18.0127,31.0758,13,0,354472,3.6674,0.0
2020-11-16,Chitungwiza,-18.0127,31.0758,10,0,354472,2.8211,0.0
2020-11-23,Chitungwiza,-18.0127,31.0758,4,0,354472,1.1284,0.0
2020-11-30,Chitungwiza,-18.0127,31.0758,4,0,354472,1.1284,0.0
2020-12-07,Chitungwiza,-18.0127,31.0758,4,0,354472,1.1284,0.0
2020-12-14,Chitungwiza,-18.0127,31.0758,12,0,354472,3.3853,0.0
2020-12-21,Chitungwiza,-18.0127,31.0758,7,0,354472,1.9748,0.0
2020-12-28,Chitungwiza,-18.0127,31.0758,1,0,354472,0.2821,0.0
2021-01-04,Chitungwiza,-18.0127,31.0758,3,0,354472,0.8463,0.0
2021-01-11,Chitungwiza,-18.0127,31.0758,5,0,354472,1.4105,0.0
2021-01-18,Chitungwiza,-18.0127,31.0758,7,0,354472,1.9748,0.0
2021-01-25,Chitungwiza,-18.0127,31.0758,1,0,354472,0.2821,0.0
2021-02-01,Chitungwiza,-18.0127,31.0758,1,0,354472,0.2821,0.0
2021-02-08,Chitungwiza,-18.0127,31.0758,2,0,354472,0.5642,0.0
2021-02-15,Chitungwiza,-18.0127,31.0758,11,0,354472,3.1032,0.0
2021-02-22,Chitungwiza,-18.0127,31.0758,3,0,354472,0.8463,0.0
2021-03-01,Chitungwiza,-18.0127,31.0758,9,0,354472,2.539,0.0
2021-03-08,Chitungwiza,-18.0127,31.0758,10,0,354472,2.8211,0.0
2021-03-15,Chitungwiza,-18.0127,31.0758,8,0,354472,2.2569,0.0
2021-03-22,Chitungwiza,-18.0127,31.0758,4,0,354472,1.1284,0.0
2021-03-29,Chitungwiza,-18.0127,31.0758,5,0,354472,1.4105,0.0
2021-04-05,Chitungwiza,-18.0127,31.0758,16,0,354472,4.5138,0.0
2021-04-12,Chitungwiza,-18.0127,31.0758,23,0,354472,6.4885,0.0
2021-04-19,Chitungwiza,-18.0127,31.0758,2,0,354472,0.5642,0.0
2021-04-26,Chitungwiza,-18.0127,31.0758,16,0,354472,4.5138,0.0
2021-05-03,Chitungwiza,-18.0127,31.0758,0,0,354472,0.0,0.0
2021-05-10,Chitungwiza,-18.0127,31.0758,24,0,354472,6.7706,0.0
2021-05-17,Chitungwiza,-18.0127,31.0758,10,0,354472,2.8211,0.0
2021-05-24,Chitungwiza,-18.0127,31.0758,8,0,354472,2.2569,0.0
2021-05-31,Chitungwiza,-18.0127,31.0758,8,0,354472,2.2569,0.0
2021-06-07,Chitungwiza,-18.0127,31.0758,2,0,354472,0.5642,0.0
2021-06-14,Chitungwiza,-18.0127,31.0758,2,0,354472,0.5642,0.0
2021-06-21,Chitungwiza,-18.0127,31.0758,2,0,354472,0.5642,0.0
2021-06-28,Chitungwiza,-18.0127,31.0758,7,0,354472,1.9748,0.0
2021-07-05,Chitungwiza,-18.0127,31.0758,3,0,354472,0.8463,0.0
2021-07-12,Chitungwiza,-18.0127,31.0758,5,0,354472,1.4105,0.0
2021-07-19,Chitungwiza,-18.0127,31.0758,6,0,354472,1.6927,0.0
2021-07-26,Chitungwiza,-18.0127,31.0758,2,0,354472,0.5642,0.0
2021-08-02,Chitungwiza,-18.0127,31.0758,2,0,354472,0.5642,0.0
2021-08-09,Chitungwiza,-18.0127,31.0758,7,0,354472,1.9748,0.0
2021-08-16,Chitungwiza,-18.0127,31.0758,5,0,354472,1.4105,0.0
2021-08-23,Chitungwiza,-18.0127,31.0758,3,0,354472,0.8463,0.0
2021-08-30,Chitungwiza,-18.0127,31.0758,9,0,354472,2.539,0.0
2021-09-06,Chitungwiza,-18.0127,31.0758,5,0,354472,1.4105,0.0
2021-09-13,Chitungwiza,-18.0127,31.0758,5,0,354472,1.4105,0.0
2021-09-20,Chitungwiza,-18.0127,31.0758,2,0,354472,0.5642,0.0
2021-09-27,Chitungwiza,-18.0127,31.0758,1,0,354472,0.2821,0.0
2021-10-04,Chitungwiza,-18.0127,31.0758,4,0,354472,1.1284,0.0
2021-10-11,Chitungwiza,-18.0127,31.0758,8,0,354472,2.2569,0.0
2021-10-18,Chitungwiza,-18.0127,31.0758,4,0,354472,1.1284,0.0
2021-10-25,Chitungwiza,-18.0127,31.0758,7,0,354472,1.9748,0.0
2021-11-01,Chitungwiza,-18.0127,31.0758,36,0,354472,10.156,0.0
2021-11-08,Chitungwiza,-18.0127,31.0758,19,0,354472,5.3601,0.0
2021-11-15,Chitungwiza,-18.0127,31.0758,12,1,354472,3.3853,0.0833
2021-11-22,Chitungwiza,-18.0127,31.0758,29,1,354472,8.1812,0.0345
2021-11-29,Chitungwiza,-18.0127,31.0758,22,1,354472,6.2064,0.0455
2021-12-06,Chitungwiza,-18.0127,31.0758,32,0,354472,9.0275,0.0
2021-12-13,Chitungwiza,-18.0127,31.0758,9,1,354472,2.539,0.1111
2021-12-20,Chitungwiza,-18.0127,31.0758,3,0,354472,0.8463,0.0
2021-12-27,Chitungwiza,-18.0127,31.0758,12,0,354472,3.3853,0.0
2022-01-03,Chitungwiza,-18.0127,31.0758,11,0,354472,3.1032,0.0
2022-01-10,Chitungwiza,-18.0127,31.0758,20,0,354472,5.6422,0.0
2022-01-17,Chitungwiza,-18.0127,31.0758,6,0,354472,1.6927,0.0
2022-01-24,Chitungwiza,-18.0127,31.0758,4,0,354472,1.1284,0.0
2022-01-31,Chitungwiza,-18.0127,31.0758,17,0,354472,4.7959,0.0
2022-02-07,Chitungwiza,-18.0127,31.0758,8,0,354472,2.2569,0.0
2022-02-14,Chitungwiza,-18.0127,31.0758,7,0,354472,1.9748,0.0
2022-02-21,Chitungwiza,-18.0127,31.0758,4,1,354472,1.1284,0.25
2022-02-28,Chitungwiza,-18.0127,31.0758,14,0,354472,3.9495,0.0
2022-03-07,Chitungwiza,-18.0127,31.0758,12,1,354472,3.3853,0.0833
2022-03-14,Chitungwiza,-18.0127,31.0758,7,0,354472,1.9748,0.0
2022-03-21,Chitungwiza,-18.0127,31.0758,12,0,354472,3.3853,0.0
2022-03-28,Chitungwiza,-18.0127,31.0758,12,1,354472,3.3853,0.0833
2022-04-04,Chitungwiza,-18.0127,31.0758,8,0,354472,2.2569,0.0
2022-04-11,Chitungwiza,-18.0127,31.0758,7,0,354472,1.9748,0.0
2022-04-18,Chitungwiza,-18.0127,31.0758,5,0,354472,1.4105,0.0
2022-04-25,Chitungwiza,-18.0127,31.0758,8,0,354472,2.2569,0.0
2022-05-02,Chitungwiza,-18.0127,31.0758,7,0,354472,1.9748,0.0
2022-05-09,Chitungwiza,-18.0127,31.0758,12,0,354472,3.3853,0.0
2022-05-16,Chitungwiza,-18.0127,31.0758,3,0,354472,0.8463,0.0
2022-05-23,Chitungwiza,-18.0127,31.0758,9,0,354472,2.539,0.0
2022-05-30,Chitungwiza,-18.0127,31.0758,5,0,354472,1.4105,0.0
2022-06-06,Chitungwiza,-18.0127,31.0758,8,0,354472,2.2569,0.0
2022-06-13,Chitungwiza,-18.0127,31.0758,6,0,354472,1.6927,0.0
2022-06-20,Chitungwiza,-18.0127,31.0758,6,0,354472,1.6927,0.0
2022-06-27,Chitungwiza,-18.0127,31.0758,7,0,354472,1.9748,0.0
2022-07-04,Chitungwiza,-18.0127,31.0758,4,0,354472,1.1284,0.0
2022-07-11,Chitungwiza,-18.0127,31.0758,3,0,354472,0.8463,0.0
2022-07-18,Chitungwiza,-18.0127,31.0758,0,0,354472,0.0,0.0
2022-07-25,Chitungwiza,-18.0127,31.0758,1,0,354472,0.2821,0.0
2022-08-01,Chitungwiza,-18.0127,31.0758,5,0,354472,1.4105,0.0
2022-08-08,Chitungwiza,-18.0127,31.0758,0,0,354472,0.0,0.0
2022-08-15,Chitungwiza,-18.0127,31.0758,3,0,354472,0.8463,0.0
2022-08-22,Chitungwiza,-18.0127,31.0758,1,0,354472,0.2821,0.0
2022-08-29,Chitungwiza,-18.0127,31.0758,1,0,354472,0.2821,0.0
2022-09-05,Chitungwiza,-18.0127,31.0758,2,0,354472,0.5642,0.0
2022-09-12,Chitungwiza,-18.0127,31.0758,12,0,354472,3.3853,0.0
2022-09-19,Chitungwiza,-18.0127,31.0758,8,0,354472,2.2569,0.0
2022-09-26,Chitungwiza,-18.0127,31.0758,9,0,354472,2.539,0.0
2022-10-03,Chitungwiza,-18.0127,31.0758,9,0,354472,2.539,0.0
2022-10-10,Chitungwiza,-18.0127,31.0758,5,0,354472,1.4105,0.0
2022-10-17,Chitungwiza,-18.0127,31.0758,2,0,354472,0.5642,0.0
2022-10-24,Chitungwiza,-18.0127,31.0758,5,0,354472,1.4105,0.0
2022-10-31,Chitungwiza,-18.0127,31.0758,6,0,354472,1.6927,0.0
2022-11-07,Chitungwiza,-18.0127,31.0758,2,0,354472,0.5642,0.0
2022-11-14,Chitungwiza,-18.0127,31.0758,12,0,354472,3.3853,0.0
2022-11-21,Chitungwiza,-18.0127,31.0758,10,0,354472,2.8211,0.0
2022-11-28,Chitungwiza,-18.0127,31.0758,9,0,354472,2.539,0.0
2022-12-05,Chitungwiza,-18.0127,31.0758,9,0,354472,2.539,0.0
2022-12-12,Chitungwiza,-18.0127,31.0758,17,0,354472,4.7959,0.0
2022-12-19,Chitungwiza,-18.0127,31.0758,6,0,354472,1.6927,0.0
2022-12-26,Chitungwiza,-18.0127,31.0758,15,0,354472,4.2316,0.0
2023-01-02,Chitungwiza,-18.0127,31.0758,2,0,354472,0.5642,0.0
2023-01-09,Chitungwiza,-18.0127,31.0758,4,0,354472,1.1284,0.0
2023-01-16,Chitungwiza,-18.0127,31.0758,8,0,354472,2.2569,0.0
2023-01-23,Chitungwiza,-18.0127,31.0758,6,0,354472,1.6927,0.0
2023-01-30,Chitungwiza,-18.0127,31.0758,3,0,354472,0.8463,0.0
2023-02-06,Chitungwiza,-18.0127,31.0758,6,0,354472,1.6927,0.0
2023-02-13,Chitungwiza,-18.0127,31.0758,8,0,354472,2.2569,0.0
2023-02-20,Chitungwiza,-18.0127,31.0758,11,1,354472,3.1032,0.0909
2023-02-27,Chitungwiza,-18.0127,31.0758,9,0,354472,2.539,0.0
2023-03-06,Chitungwiza,-18.0127,31.0758,10,0,354472,2.8211,0.0
2023-03-13,Chitungwiza,-18.0127,31.0758,18,0,354472,5.078,0.0
2023-03-20,Chitungwiza,-18.0127,31.0758,4,0,354472,1.1284,0.0
2023-03-27,Chitungwiza,-18.0127,31.0758,6,0,354472,1.6927,0.0
2023-04-03,Chitungwiza,-18.0127,31.0758,27,0,354472,7.617,0.0
2023-04-10,Chitungwiza,-18.0127,31.0758,18,0,354472,5.078,0.0
2023-04-17,Chitungwiza,-18.0127,31.0758,23,0,354472,6.4885,0.0
2023-04-24,Chitungwiza,-18.0127,31.0758,17,1,354472,4.7959,0.0588
2023-05-01,Chitungwiza,-18.0127,31.0758,9,0,354472,2.539,0.0
2023-05-08,Chitungwiza,-18.0127,31.0758,17,1,354472,4.7959,0.0588
2023-05-15,Chitungwiza,-18.0127,31.0758,35,0,354472,9.8738,0.0
2023-05-22,Chitungwiza,-18.0127,31.0758,15,0,354472,4.2316,0.0
2023-05-29,Chitungwiza,-18.0127,31.0758,16,0,354472,4.5138,0.0
2023-06-05,Chitungwiza,-18.0127,31.0758,4,0,354472,1.1284,0.0
2023-06-12,Chitungwiza,-18.0127,31.0758,12,0,354472,3.3853,0.0
2023-06-19,Chitungwiza,-18.0127,31.0758,12,1,354472,3.3853,0.0833
2023-06-26,Chitungwiza,-18.0127,31.0758,8,0,354472,2.2569,0.0
2023-07-03,Chitungwiza,-18.0127,31.0758,13,0,354472,3.6674,0.0
2023-07-10,Chitungwiza,-18.0127,31.0758,2,0,354472,0.5642,0.0
2023-07-17,Chitungwiza,-18.0127,31.0758,17,1,354472,4.7959,0.0588
2023-07-24,Chitungwiza,-18.0127,31.0758,7,0,354472,1.9748,0.0
2023-07-31,Chitungwiza,-18.0127,31.0758,7,0,354472,1.9748,0.0
2023-08-07,Chitungwiza,-18.0127,31.0758,7,0,354472,1.9748,0.0
2023-08-14,Chitungwiza,-18.0127,31.0758,5,0,354472,1.4105,0.0
2023-08-21,Chitungwiza,-18.0127,31.0758,7,0,354472,1.9748,0.0
2023-08-28,Chitungwiza,-18.0127,31.0758,8,0,354472,2.2569,0.0
2023-09-04,Chitungwiza,-18.0127,31.0758,4,0,354472,1.1284,0.0
2023-09-11,Chitungwiza,-18.0127,31.0758,3,0,354472,0.8463,0.0
2023-09-18,Chitungwiza,-18.0127,31.0758,0,0,354472,0.0,0.0
2023-09-25,Chitungwiza,-18.0127,31.0758,8,0,354472,2.2569,0.0
2023-10-02,Chitungwiza,-18.0127,31.0758,1,0,354472,0.2821,0.0
2023-10-09,Chitungwiza,-18.0127,31.0758,4,0,354472,1.1284,0.0
2023-10-16,Chitungwiza,-18.0127,31.0758,1,0,354472,0.2821,0.0
2023-10-23,Chitungwiza,-18.0127,31.0758,2,0,354472,0.5642,0.0
2023-10-30,Chitungwiza,-18.0127,31.0758,24,0,354472,6.7706,0.0
2023-11-06,Chitungwiza,-18.0127,31.0758,13,0,354472,3.6674,0.0
2023-11-13,Chitungwiza,-18.0127,31.0758,10,0,354472,2.8211,0.0
2023-11-20,Chitungwiza,-18.0127,31.0758,7,0,354472,1.9748,0.0
2023-11-27,Chitungwiza,-18.0127,31.0758,8,0,354472,2.2569,0.0
2023-12-04,Chitungwiza,-18.0127,31.0758,13,0,354472,3.6674,0.0
2023-12-11,Chitungwiza,-18.0127,31.0758,12,0,354472,3.3853,0.0
2023-12-18,Chitungwiza,-18.0127,31.0758,9,0,354472,2.539,0.0
2023-12-25,Chitungwiza,-18.0127,31.0758,4,0,354472,1.1284,0.0
2024-01-01,Chitungwiza,-18.0127,31.0758,10,0,354472,2.8211,0.0
2024-01-08,Chitungwiza,-18.0127,31.0758,6,0,354472,1.6927,0.0
2024-01-15,Chitungwiza,-18.0127,31.0758,4,0,354472,1.1284,0.0
2024-01-22,Chitungwiza,-18.0127,31.0758,2,0,354472,0.5642,0.0
2024-01-29,Chitungwiza,-18.0127,31.0758,4,0,354472,1.1284,0.0
2024-02-05,Chitungwiza,-18.0127,31.0758,0,0,354472,0.0,0.0
2024-02-12,Chitungwiza,-18.0127,31.0758,6,0,354472,1.6927,0.0
2024-02-19,Chitungwiza,-18.0127,31.0758,10,0,354472,2.8211,0.0
2024-02-26,Chitungwiza,-18.0127,31.0758,5,0,354472,1.4105,0.0
2024-03-04,Chitungwiza,-18.0127,31.0758,1,0,354472,0.2821,0.0
2024-03-11,Chitungwiza,-18.0127,31.0758,10,0,354472,2.8211,0.0
2024-03-18,Chitungwiza,-18.0127,31.0758,6,0,354472,1.6927,0.0
2024-03-25,Chitungwiza,-18.0127,31.0758,14,0,354472,3.9495,0.0
2024-04-01,Chitungwiza,-18.0127,31.0758,4,0,354472,1.1284,0.0
2024-04-08,Chitungwiza,-18.0127,31.0758,13,0,354472,3.6674,0.0
2024-04-15,Chitungwiza,-18.0127,31.0758,14,0,354472,3.9495,0.0
2024-04-22,Chitungwiza,-18.0127,31.0758,8,0,354472,2.2569,0.0
2024-04-29,Chitungwiza,-18.0127,31.0758,17,0,354472,4.7959,0.0
2024-05-06,Chitungwiza,-18.0127,31.0758,7,0,354472,1.9748,0.0
2024-05-13,Chitungwiza,-18.0127,31.0758,7,0,354472,1.9748,0.0
2024-05-20,Chitungwiza,-18.0127,31.0758,5,0,354472,1.4105,0.0
2024-05-27,Chitungwiza,-18.0127,31.0758,17,0,354472,4.7959,0.0
2024-06-03,Chitungwiza,-18.0127,31.0758,7,0,354472,1.9748,0.0
2024-06-10,Chitungwiza,-18.0127,31.0758,2,0,354472,0.5642,0.0
2024-06-17,Chitungwiza,-18.0127,31.0758,7,0,354472,1.9748,0.0
2024-06-24,Chitungwiza,-18.0127,31.0758,8,0,354472,2.2569,0.0
2024-07-01,Chitungwiza,-18.0127,31.0758,12,0,354472,3.3853,0.0
2024-07-08,Chitungwiza,-18.0127,31.0758,4,0,354472,1.1284,0.0
2024-07-15,Chitungwiza,-18.0127,31.0758,5,0,354472,1.4105,0.0
2024-07-22,Chitungwiza,-18.0127,31.0758,4,0,354472,1.1284,0.0
2024-07-29,Chitungwiza,-18.0127,31.0758,0,0,354472,0.0,0.0
2024-08-05,Chitungwiza,-18.0127,31.0758,1,0,354472,0.2821,0.0
2024-08-12,Chitungwiza,-18.0127,31.0758,4,0,354472,1.1284,0.0
2024-08-19,Chitungwiza,-18.0127,31.0758,2,0,354472,0.5642,0.0
2024-08-26,Chitungwiza,-18.0127,31.0758,3,0,354472,0.8463,0.0
2024-09-02,Chitungwiza,-18.0127,31.0758,3,0,354472,0.8463,0.0
2024-09-09,Chitungwiza,-18.0127,31.0758,3,0,354472,0.8463,0.0
2024-09-16,Chitungwiza,-18.0127,31.0758,13,0,354472,3.6674,0.0
2024-09-23,Chitungwiza,-18.0127,31.0758,2,0,354472,0.5642,0.0
2024-09-30,Chitungwiza,-18.0127,31.0758,11,0,354472,3.1032,0.0
2024-10-07,Chitungwiza,-18.0127,31.0758,6,0,354472,1.6927,0.0
2024-10-14,Chitungwiza,-18.0127,31.0758,12,0,354472,3.3853,0.0
2024-10-21,Chitungwiza,-18.0127,31.0758,6,0,354472,1.6927,0.0
2024-10-28,Chitungwiza,-18.0127,31.0758,9,0,354472,2.539,0.0
2024-11-04,Chitungwiza,-18.0127,31.0758,19,0,354472,5.3601,0.0
2024-11-11,Chitungwiza,-18.0127,31.0758,11,0,354472,3.1032,0.0
2024-11-18,Chitungwiza,-18.0127,31.0758,14,1,354472,3.9495,0.0714
2024-11-25,Chitungwiza,-18.0127,31.0758,13,0,354472,3.6674,0.0
2024-12-02,Chitungwiza,-18.0127,31.0758,13,0,354472,3.6674,0.0
2024-12-09,Chitungwiza,-18.0127,31.0758,16,0,354472,4.5138,0.0
2024-12-16,Chitungwiza,-18.0127,31.0758,11,0,354472,3.1032,0.0
2024-12-23,Chitungwiza,-18.0127,31.0758,11,0,354472,3.1032,0.0
2024-12-30,Chitungwiza,-18.0127,31.0758,6,0,354472,1.6927,0.0
2025-01-06,Chitungwiza,-18.0127,31.0758,12,0,354472,3.3853,0.0
2025-01-13,Chitungwiza,-18.0127,31.0758,7,0,354472,1.9748,0.0
2025-01-20,Chitungwiza,-18.0127,31.0758,6,0,354472,1.6927,0.0
2025-01-27,Chitungwiza,-18.0127,31.0758,4,0,354472,1.1284,0.0
2025-02-03,Chitungwiza,-18.0127,31.0758,1,0,354472,0.2821,0.0
2025-02-10,Chitungwiza,-18.0127,31.0758,1,0,354472,0.2821,0.0
2025-02-17,Chitungwiza,-18.0127,31.0758,4,0,354472,1.1284,0.0
2025-02-24,Chitungwiza,-18.0127,31.0758,4,0,354472,1.1284,0.0
2025-03-03,Chitungwiza,-18.0127,31.0758,1,0,354472,0.2821,0.0
2025-03-10,Chitungwiza,-18.0127,31.0758,5,0,354472,1.4105,0.0
2025-03-17,Chitungwiza,-18.0127,31.0758,15,0,354472,4.2316,0.0
2025-03-24,Chitungwiza,-18.0127,31.0758,11,0,354472,3.1032,0.0
2025-03-31,Chitungwiza,-18.0127,31.0758,12,0,354472,3.3853,0.0
2025-04-07,Chitungwiza,-18.0127,31.0758,6,0,354472,1.6927,0.0
2025-04-14,Chitungwiza,-18.0127,31.0758,10,0,354472,2.8211,0.0
2025-04-21,Chitungwiza,-18.0127,31.0758,8,0,354472,2.2569,0.0
2025-04-28,Chitungwiza,-18.0127,31.0758,13,0,354472,3.6674,0.0
2025-05-05,Chitungwiza,-18.0127,31.0758,4,0,354472,1.1284,0.0
2025-05-12,Chitungwiza,-18.0127,31.0758,13,0,354472,3.6674,0.0
2025-05-19,Chitungwiza,-18.0127,31.0758,5,0,354472,1.4105,0.0
2025-05-26,Chitungwiza,-18.0127,31.0758,5,0,354472,1.4105,0.0
2025-06-02,Chitungwiza,-18.0127,31.0758,10,0,354472,2.8211,0.0
2025-06-09,Chitungwiza,-18.0127,31.0758,7,0,354472,1.9748,0.0
2025-06-16,Chitungwiza,-18.0127,31.0758,1,0,354472,0.2821,0.0
2025-06-23,Chitungwiza,-18.0127,31.0758,3,0,354472,0.8463,0.0
2025-06-30,Chitungwiza,-18.0127,31.0758,7,0,354472,1.9748,0.0
2025-07-07,Chitungwiza,-18.0127,31.0758,4,0,354472,1.1284,0.0
2025-07-14,Chitungwiza,-18.0127,31.0758,4,0,354472,1.1284,0.0
2025-07-21,Chitungwiza,-18.0127,31.0758,2,0,354472,0.5642,0.0
2025-07-28,Chitungwiza,-18.0127,31.0758,4,0,354472,1.1284,0.0
2025-08-04,Chitungwiza,-18.0127,31.0758,3,0,354472,0.8463,0.0
2025-08-11,Chitungwiza,-18.0127,31.0758,4,0,354472,1.1284,0.0
2025-08-18,Chitungwiza,-18.0127,31.0758,5,0,354472,1.4105,0.0
2025-08-25,Chitungwiza,-18.0127,31.0758,1,0,354472,0.2821,0.0
2025-09-01,Chitungwiza,-18.0127,31.0758,0,0,354472,0.0,0.0
2025-09-08,Chitungwiza,-18.0127,31.0758,7,0,354472,1.9748,0.0
2025-09-15,Chitungwiza,-18.0127,31.0758,4,0,354472,1.1284,0.0
2025-09-22,Chitungwiza,-18.0127,31.0758,5,0,354472,1.4105,0.0
2025-09-29,Chitungwiza,-18.0127,31.0758,11,0,354472,3.1032,0.0
2025-10-06,Chitungwiza,-18.0127,31.0758,8,0,354472,2.2569,0.0
2025-10-13,Chitungwiza,-18.0127,31.0758,5,0,354472,1.4105,0.0
2025-10-20,Chitungwiza,-18.0127,31.0758,15,0,354472,4.2316,0.0
2025-10-27,Chitungwiza,-18.0127,31.0758,8,0,354472,2.2569,0.0
2025-11-03,Chitungwiza,-18.0127,31.0758,2,0,354472,0.5642,0.0
2025-11-10,Chitungwiza,-18.0127,31.0758,8,0,354472,2.2569,0.0
2025-11-17,Chitungwiza,-18.0127,31.0758,15,0,354472,4.2316,0.0
2025-11-24,Chitungwiza,-18.0127,31.0758,4,0,354472,1.1284,0.0
2025-12-01,Chitungwiza,-18.0127,31.0758,3,0,354472,0.8463,0.0
2025-12-08,Chitungwiza,-18.0127,31.0758,9,0,354472,2.539,0.0
2025-12-15,Chitungwiza,-18.0127,31.0758,5,0,354472,1.4105,0.0
2025-12-22,Chitungwiza,-18.0127,31.0758,12,0,354472,3.3853,0.0
2025-12-29,Chitungwiza,-18.0127,31.0758,12,0,354472,3.3853,0.0
2018-01-01,Gweru,-19.45,29.8167,2,0,157400,1.2706,0.0
2018-01-08,Gweru,-19.45,29.8167,1,0,157400,0.6353,0.0
2018-01-15,Gweru,-19.45,29.8167,0,0,157400,0.0,0.0
2018-01-22,Gweru,-19.45,29.8167,1,0,157400,0.6353,0.0
2018-01-29,Gweru,-19.45,29.8167,3,0,157400,1.906,0.0
2018-02-05,Gweru,-19.45,29.8167,2,0,157400,1.2706,0.0
2018-02-12,Gweru,-19.45,29.8167,0,0,157400,0.0,0.0
2018-02-19,Gweru,-19.45,29.8167,1,0,157400,0.6353,0.0
2018-02-26,Gweru,-19.45,29.8167,2,0,157400,1.2706,0.0
2018-03-05,Gweru,-19.45,29.8167,1,0,157400,0.6353,0.0
2018-03-12,Gweru,-19.45,29.8167,0,0,157400,0.0,0.0
2018-03-19,Gweru,-19.45,29.8167,9,0,157400,5.7179,0.0
2018-03-26,Gweru,-19.45,29.8167,4,0,157400,2.5413,0.0
2018-04-02,Gweru,-19.45,29.8167,1,0,157400,0.6353,0.0
2018-04-09,Gweru,-19.45,29.8167,2,0,157400,1.2706,0.0
2018-04-16,Gweru,-19.45,29.8167,8,0,157400,5.0826,0.0
2018-04-23,Gweru,-19.45,29.8167,1,0,157400,0.6353,0.0
2018-04-30,Gweru,-19.45,29.8167,5,0,157400,3.1766,0.0
2018-05-07,Gweru,-19.45,29.8167,1,0,157400,0.6353,0.0
2018-05-14,Gweru,-19.45,29.8167,3,0,157400,1.906,0.0
2018-05-21,Gweru,-19.45,29.8167,4,0,157400,2.5413,0.0
2018-05-28,Gweru,-19.45,29.8167,3,0,157400,1.906,0.0
2018-06-04,Gweru,-19.45,29.8167,1,0,157400,0.6353,0.0
2018-06-11,Gweru,-19.45,29.8167,0,0,157400,0.0,0.0
2018-06-18,Gweru,-19.45,29.8167,1,0,157400,0.6353,0.0
2018-06-25,Gweru,-19.45,29.8167,1,0,157400,0.6353,0.0
2018-07-02,Gweru,-19.45,29.8167,1,0,157400,0.6353,0.0
2018-07-09,Gweru,-19.45,29.8167,2,0,157400,1.2706,0.0
2018-07-16,Gweru,-19.45,29.8167,2,0,157400,1.2706,0.0
2018-07-23,Gweru,-19.45,29.8167,2,0,157400,1.2706,0.0
2018-07-30,Gweru,-19.45,29.8167,1,0,157400,0.6353,0.0
2018-08-06,Gweru,-19.45,29.8167,0,0,157400,0.0,0.0
2018-08-13,Gweru,-19.45,29.8167,2,0,157400,1.2706,0.0
2018-08-20,Gweru,-19.45,29.8167,1,0,157400,0.6353,0.0
2018-08-27,Gweru,-19.45,29.8167,6,0,157400,3.8119,0.0
2018-09-03,Gweru,-19.45,29.8167,6,0,157400,3.8119,0.0
2018-09-10,Gweru,-19.45,29.8167,5,0,157400,3.1766,0.0
2018-09-17,Gweru,-19.45,29.8167,8,0,157400,5.0826,0.0
2018-09-24,Gweru,-19.45,29.8167,11,0,157400,6.9886,0.0
2018-10-01,Gweru,-19.45,29.8167,20,0,157400,12.7065,0.0
2018-10-08,Gweru,-19.45,29.8167,2,0,157400,1.2706,0.0
2018-10-15,Gweru,-19.45,29.8167,9,0,157400,5.7179,0.0
2018-10-22,Gweru,-19.45,29.8167,6,0,157400,3.8119,0.0
2018-10-29,Gweru,-19.45,29.8167,12,1,157400,7.6239,0.0833
2018-11-05,Gweru,-19.45,29.8167,10,0,157400,6.3532,0.0
2018-11-12,Gweru,-19.45,29.8167,10,0,157400,6.3532,0.0
2018-11-19,Gweru,-19.45,29.8167,11,0,157400,6.9886,0.0
2018-11-26,Gweru,-19.45,29.8167,12,0,157400,7.6239,0.0
2018-12-03,Gweru,-19.45,29.8167,10,0,157400,6.3532,0.0
2018-12-10,Gweru,-19.45,29.8167,10,1,157400,6.3532,0.1
2018-12-17,Gweru,-19.45,29.8167,6,0,157400,3.8119,0.0
2018-12-24,Gweru,-19.45,29.8167,1,0,157400,0.6353,0.0
2018-12-31,Gweru,-19.45,29.8167,10,0,157400,6.3532,0.0
2019-01-07,Gweru,-19.45,29.8167,5,0,157400,3.1766,0.0
2019-01-14,Gweru,-19.45,29.8167,8,0,157400,5.0826,0.0
2019-01-21,Gweru,-19.45,29.8167,5,0,157400,3.1766,0.0
2019-01-28,Gweru,-19.45,29.8167,5,0,157400,3.1766,0.0
2019-02-04,Gweru,-19.45,29.8167,4,0,157400,2.5413,0.0
2019-02-11,Gweru,-19.45,29.8167,9,0,157400,5.7179,0.0
2019-02-18,Gweru,-19.45,29.8167,7,0,157400,4.4473,0.0
2019-02-25,Gweru,-19.45,29.8167,4,0,157400,2.5413,0.0
2019-03-04,Gweru,-19.45,29.8167,18,0,157400,11.4358,0.0
2019-03-11,Gweru,-19.45,29.8167,10,0,157400,6.3532,0.0
2019-03-18,Gweru,-19.45,29.8167,6,0,157400,3.8119,0.0
2019-03-25,Gweru,-19.45,29.8167,16,1,157400,10.1652,0.0625
2019-04-01,Gweru,-19.45,29.8167,13,0,157400,8.2592,0.0
2019-04-08,Gweru,-19.45,29.8167,13,0,157400,8.2592,0.0
2019-04-15,Gweru,-19.45,29.8167,17,0,157400,10.8005,0.0
2019-04-22,Gweru,-19.45,29.8167,9,1,157400,5.7179,0.1111
2019-04-29,Gweru,-19.45,29.8167,10,0,157400,6.3532,0.0
2019-05-06,Gweru,-19.45,29.8167,12,0,157400,7.6239,0.0
2019-05-13,Gweru,-19.45,29.8167,6,0,157400,3.8119,0.0
2019-05-20,Gweru,-19.45,29.8167,13,0,157400,8.2592,0.0
2019-05-27,Gweru,-19.45,29.8167,5,0,157400,3.1766,0.0
2019-06-03,Gweru,-19.45,29.8167,0,0,157400,0.0,0.0
2019-06-10,Gweru,-19.45,29.8167,8,0,157400,5.0826,0.0
2019-06-17,Gweru,-19.45,29.8167,9,0,157400,5.7179,0.0
2019-06-24,Gweru,-19.45,29.8167,5,0,157400,3.1766,0.0
2019-07-01,Gweru,-19.45,29.8167,1,0,157400,0.6353,0.0
2019-07-08,Gweru,-19.45,29.8167,0,0,157400,0.0,0.0
2019-07-15,Gweru,-19.45,29.8167,3,0,157400,1.906,0.0
2019-07-22,Gweru,-19.45,29.8167,1,0,157400,0.6353,0.0
2019-07-29,Gweru,-19.45,29.8167,1,0,157400,0.6353,0.0
2019-08-05,Gweru,-19.45,29.8167,0,0,157400,0.0,0.0
2019-08-12,Gweru,-19.45,29.8167,3,0,157400,1.906,0.0
2019-08-19,Gweru,-19.45,29.8167,1,0,157400,0.6353,0.0
2019-08-26,Gweru,-19.45,29.8167,2,0,157400,1.2706,0.0
2019-09-02,Gweru,-19.45,29.8167,0,0,157400,0.0,0.0
2019-09-09,Gweru,-19.45,29.8167,0,0,157400,0.0,0.0
2019-09-16,Gweru,-19.45,29.8167,1,0,157400,0.6353,0.0
2019-09-23,Gweru,-19.45,29.8167,0,0,157400,0.0,0.0
2019-09-30,Gweru,-19.45,29.8167,0,0,157400,0.0,0.0
2019-10-07,Gweru,-19.45,29.8167,1,0,157400,0.6353,0.0
2019-10-14,Gweru,-19.45,29.8167,3,0,157400,1.906,0.0
2019-10-21,Gweru,-19.45,29.8167,2,0,157400,1.2706,0.0
2019-10-28,Gweru,-19.45,29.8167,1,0,157400,0.6353,0.0
2019-11-04,Gweru,-19.45,29.8167,6,0,157400,3.8119,0.0
2019-11-11,Gweru,-19.45,29.8167,6,0,157400,3.8119,0.0
2019-11-18,Gweru,-19.45,29.8167,4,0,157400,2.5413,0.0
2019-11-25,Gweru,-19.45,29.8167,1,0,157400,0.6353,0.0
2019-12-02,Gweru,-19.45,29.8167,6,0,157400,3.8119,0.0
2019-12-09,Gweru,-19.45,29.8167,3,0,157400,1.906,0.0
2019-12-16,Gweru,-19.45,29.8167,0,0,157400,0.0,0.0
2019-12-23,Gweru,-19.45,29.8167,3,0,157400,1.906,0.0
2019-12-30,Gweru,-19.45,29.8167,0,0,157400,0.0,0.0
2020-01-06,Gweru,-19.45,29.8167,2,0,157400,1.2706,0.0
2020-01-13,Gweru,-19.45,29.8167,4,0,157400,2.5413,0.0
2020-01-20,Gweru,-19.45,29.8167,9,0,157400,5.7179,0.0
2020-01-27,Gweru,-19.45,29.8167,2,0,157400,1.2706,0.0
2020-02-03,Gweru,-19.45,29.8167,4,0,157400,2.5413,0.0
2020-02-10,Gweru,-19.45,29.8167,2,0,157400,1.2706,0.0
2020-02-17,Gweru,-19.45,29.8167,4,0,157400,2.5413,0.0
2020-02-24,Gweru,-19.45,29.8167,1,0,157400,0.6353,0.0
2020-03-02,Gweru,-19.45,29.8167,6,0,157400,3.8119,0.0
2020-03-09,Gweru,-19.45,29.8167,1,0,157400,0.6353,0.0
2020-03-16,Gweru,-19.45,29.8167,4,0,157400,2.5413,0.0
2020-03-23,Gweru,-19.45,29.8167,3,0,157400,1.906,0.0
2020-03-30,Gweru,-19.45,29.8167,6,0,157400,3.8119,0.0
2020-04-06,Gweru,-19.45,29.8167,3,0,157400,1.906,0.0
2020-04-13,Gweru,-19.45,29.8167,3,0,157400,1.906,0.0
2020-04-20,Gweru,-19.45,29.8167,2,0,157400,1.2706,0.0
2020-04-27,Gweru,-19.45,29.8167,11,0,157400,6.9886,0.0
2020-05-04,Gweru,-19.45,29.8167,3,0,157400,1.906,0.0
2020-05-11,Gweru,-19.45,29.8167,2,0,157400,1.2706,0.0
2020-05-18,Gweru,-19.45,29.8167,3,0,157400,1.906,0.0
2020-05-25,Gweru,-19.45,29.8167,2,0,157400,1.2706,0.0
2020-06-01,Gweru,-19.45,29.8167,0,0,157400,0.0,0.0
2020-06-08,Gweru,-19.45,29.8167,3,0,157400,1.906,0.0
2020-06-15,Gweru,-19.45,29.8167,1,0,157400,0.6353,0.0
2020-06-22,Gweru,-19.45,29.8167,0,0,157400,0.0,0.0
2020-06-29,Gweru,-19.45,29.8167,0,0,157400,0.0,0.0
2020-07-06,Gweru,-19.45,29.8167,5,0,157400,3.1766,0.0
2020-07-13,Gweru,-19.45,29.8167,0,0,157400,0.0,0.0
2020-07-20,Gweru,-19.45,29.8167,0,0,157400,0.0,0.0
2020-07-27,Gweru,-19.45,29.8167,1,0,157400,0.6353,0.0
2020-08-03,Gweru,-19.45,29.8167,1,0,157400,0.6353,0.0
2020-08-10,Gweru,-19.45,29.8167,1,0,157400,0.6353,0.0
2020-08-17,Gweru,-19.45,29.8167,0,0,157400,0.0,0.0
2020-08-24,Gweru,-19.45,29.8167,1,0,157400,0.6353,0.0
2020-08-31,Gweru,-19.45,29.8167,0,0,157400,0.0,0.0
2020-09-07,Gweru,-19.45,29.8167,2,0,157400,1.2706,0.0
2020-09-14,Gweru,-19.45,29.8167,3,0,157400,1.906,0.0
2020-09-21,Gweru,-19.45,29.8167,2,0,157400,1.2706,0.0
2020-09-28,Gweru,-19.45,29.8167,3,0,157400,1.906,0.0
2020-10-05,Gweru,-19.45,29.8167,0,0,157400,0.0,0.0
2020-10-12,Gweru,-19.45,29.8167,0,0,157400,0.0,0.0
2020-10-19,Gweru,-19.45,29.8167,3,0,157400,1.906,0.0
2020-10-26,Gweru,-19.45,29.8167,4,0,157400,2.5413,0.0
2020-11-02,Gweru,-19.45,29.8167,4,0,157400,2.5413,0.0
2020-11-09,Gweru,-19.45,29.8167,1,0,157400,0.6353,0.0
2020-11-16,Gweru,-19.45,29.8167,2,0,157400,1.2706,0.0
2020-11-23,Gweru,-19.45,29.8167,2,0,157400,1.2706,0.0
2020-11-30,Gweru,-19.45,29.8167,3,0,157400,1.906,0.0
2020-12-07,Gweru,-19.45,29.8167,3,0,157400,1.906,0.0
2020-12-14,Gweru,-19.45,29.8167,1,0,157400,0.6353,0.0
2020-12-21,Gweru,-19.45,29.8167,4,0,157400,2.5413,0.0
2020-12-28,Gweru,-19.45,29.8167,2,0,157400,1.2706,0.0
2021-01-04,Gweru,-19.45,29.8167,1,0,157400,0.6353,0.0
2021-01-11,Gweru,-19.45,29.8167,1,0,157400,0.6353,0.0
2021-01-18,Gweru,-19.45,29.8167,1,0,157400,0.6353,0.0
2021-01-25,Gweru,-19.45,29.8167,4,0,157400,2.5413,0.0
2021-02-01,Gweru,-19.45,29.8167,0,0,157400,0.0,0.0
2021-02-08,Gweru,-19.45,29.8167,1,0,157400,0.6353,0.0
2021-02-15,Gweru,-19.45,29.8167,0,0,157400,0.0,0.0
2021-02-22,Gweru,-19.45,29.8167,2,0,157400,1.2706,0.0
2021-03-01,Gweru,-19.45,29.8167,2,0,157400,1.2706,0.0
2021-03-08,Gweru,-19.45,29.8167,1,0,157400,0.6353,0.0
2021-03-15,Gweru,-19.45,29.8167,0,0,157400,0.0,0.0
2021-03-22,Gweru,-19.45,29.8167,3,0,157400,1.906,0.0
2021-03-29,Gweru,-19.45,29.8167,2,0,157400,1.2706,0.0
2021-04-05,Gweru,-19.45,29.8167,3,0,157400,1.906,0.0
2021-04-12,Gweru,-19.45,29.8167,7,0,157400,4.4473,0.0
2021-04-19,Gweru,-19.45,29.8167,4,1,157400,2.5413,0.25
2021-04-26,Gweru,-19.45,29.8167,6,0,157400,3.8119,0.0
2021-05-03,Gweru,-19.45,29.8167,5,0,157400,3.1766,0.0
2021-05-10,Gweru,-19.45,29.8167,4,0,157400,2.5413,0.0
2021-05-17,Gweru,-19.45,29.8167,0,0,157400,0.0,0.0
2021-05-24,Gweru,-19.45,29.8167,4,0,157400,2.5413,0.0
2021-05-31,Gweru,-19.45,29.8167,5,0,157400,3.1766,0.0
2021-06-07,Gweru,-19.45,29.8167,2,0,157400,1.2706,0.0
2021-06-14,Gweru,-19.45,29.8167,0,0,157400,0.0,0.0
2021-06-21,Gweru,-19.45,29.8167,0,0,157400,0.0,0.0
2021-06-28,Gweru,-19.45,29.8167,4,0,157400,2.5413,0.0
2021-07-05,Gweru,-19.45,29.8167,3,0,157400,1.906,0.0
2021-07-12,Gweru,-19.45,29.8167,0,0,157400,0.0,0.0
2021-07-19,Gweru,-19.45,29.8167,1,0,157400,0.6353,0.0
2021-07-26,Gweru,-19.45,29.8167,1,0,157400,0.6353,0.0
2021-08-02,Gweru,-19.45,29.8167,2,0,157400,1.2706,0.0
2021-08-09,Gweru,-19.45,29.8167,0,0,157400,0.0,0.0
2021-08-16,Gweru,-19.45,29.8167,0,0,157400,0.0,0.0
2021-08-23,Gweru,-19.45,29.8167,0,0,157400,0.0,0.0
2021-08-30,Gweru,-19.45,29.8167,4,0,157400,2.5413,0.0
2021-09-06,Gweru,-19.45,29.8167,2,0,157400,1.2706,0.0
2021-09-13,Gweru,-19.45,29.8167,1,0,157400,0.6353,0.0
2021-09-20,Gweru,-19.45,29.8167,1,0,157400,0.6353,0.0
2021-09-27,Gweru,-19.45,29.8167,2,0,157400,1.2706,0.0
2021-10-04,Gweru,-19.45,29.8167,4,0,157400,2.5413,0.0
2021-10-11,Gweru,-19.45,29.8167,3,0,157400,1.906,0.0
2021-10-18,Gweru,-19.45,29.8167,0,0,157400,0.0,0.0
2021-10-25,Gweru,-19.45,29.8167,2,0,157400,1.2706,0.0
2021-11-01,Gweru,-19.45,29.8167,8,0,157400,5.0826,0.0
2021-11-08,Gweru,-19.45,29.8167,7,0,157400,4.4473,0.0
2021-11-15,Gweru,-19.45,29.8167,16,1,157400,10.1652,0.0625
2021-11-22,Gweru,-19.45,29.8167,7,0,157400,4.4473,0.0
2021-11-29,Gweru,-19.45,29.8167,10,0,157400,6.3532,0.0
2021-12-06,Gweru,-19.45,29.8167,7,0,157400,4.4473,0.0
2021-12-13,Gweru,-19.45,29.8167,6,0,157400,3.8119,0.0
2021-12-20,Gweru,-19.45,29.8167,7,0,157400,4.4473,0.0
2021-12-27,Gweru,-19.45,29.8167,1,0,157400,0.6353,0.0
2022-01-03,Gweru,-19.45,29.8167,8,0,157400,5.0826,0.0
2022-01-10,Gweru,-19.45,29.8167,1,0,157400,0.6353,0.0
2022-01-17,Gweru,-19.45,29.8167,7,0,157400,4.4473,0.0
2022-01-24,Gweru,-19.45,29.8167,3,0,157400,1.906,0.0
2022-01-31,Gweru,-19.45,29.8167,5,1,157400,3.1766,0.2
2022-02-07,Gweru,-19.45,29.8167,8,0,157400,5.0826,0.0
2022-02-14,Gweru,-19.45,29.8167,3,0,157400,1.906,0.0
2022-02-21,Gweru,-19.45,29.8167,2,0,157400,1.2706,0.0
2022-02-28,Gweru,-19.45,29.8167,1,0,157400,0.6353,0.0
2022-03-07,Gweru,-19.45,29.8167,6,1,157400,3.8119,0.1667
2022-03-14,Gweru,-19.45,29.8167,4,0,157400,2.5413,0.0
2022-03-21,Gweru,-19.45,29.8167,8,0,157400,5.0826,0.0
2022-03-28,Gweru,-19.45,29.8167,1,0,157400,0.6353,0.0
2022-04-04,Gweru,-19.45,29.8167,3,0,157400,1.906,0.0
2022-04-11,Gweru,-19.45,29.8167,1,0,157400,0.6353,0.0
2022-04-18,Gweru,-19.45,29.8167,6,0,157400,3.8119,0.0
2022-04-25,Gweru,-19.45,29.8167,7,1,157400,4.4473,0.1429
2022-05-02,Gweru,-19.45,29.8167,1,0,157400,0.6353,0.0
2022-05-09,Gweru,-19.45,29.8167,2,0,157400,1.2706,0.0
2022-05-16,Gweru,-19.45,29.8167,1,0,157400,0.6353,0.0
2022-05-23,Gweru,-19.45,29.8167,0,0,157400,0.0,0.0
2022-05-30,Gweru,-19.45,29.8167,2,0,157400,1.2706,0.0
2022-06-06,Gweru,-19.45,29.8167,1,0,157400,0.6353,0.0
2022-06-13,Gweru,-19.45,29.8167,1,0,157400,0.6353,0.0
2022-06-20,Gweru,-19.45,29.8167,2,0,157400,1.2706,0.0
2022-06-27,Gweru,-19.45,29.8167,0,0,157400,0.0,0.0
2022-07-04,Gweru,-19.45,29.8167,5,0,157400,3.1766,0.0
2022-07-11,Gweru,-19.45,29.8167,1,0,157400,0.6353,0.0
2022-07-18,Gweru,-19.45,29.8167,1,0,157400,0.6353,0.0
2022-07-25,Gweru,-19.45,29.8167,2,0,157400,1.2706,0.0
2022-08-01,Gweru,-19.45,29.8167,1,0,157400,0.6353,0.0
2022-08-08,Gweru,-19.45,29.8167,1,0,157400,0.6353,0.0
2022-08-15,Gweru,-19.45,29.8167,0,0,157400,0.0,0.0
2022-08-22,Gweru,-19.45,29.8167,0,0,157400,0.0,0.0
2022-08-29,Gweru,-19.45,29.8167,2,0,157400,1.2706,0.0
2022-09-05,Gweru,-19.45,29.8167,5,0,157400,3.1766,0.0
2022-09-12,Gweru,-19.45,29.8167,3,0,157400,1.906,0.0
2022-09-19,Gweru,-19.45,29.8167,1,0,157400,0.6353,0.0
2022-09-26,Gweru,-19.45,29.8167,2,0,157400,1.2706,0.0
2022-10-03,Gweru,-19.45,29.8167,0,0,157400,0.0,0.0
2022-10-10,Gweru,-19.45,29.8167,4,0,157400,2.5413,0.0
2022-10-17,Gweru,-19.45,29.8167,3,0,157400,1.906,0.0
2022-10-24,Gweru,-19.45,29.8167,5,0,157400,3.1766,0.0
2022-10-31,Gweru,-19.45,29.8167,4,0,157400,2.5413,0.0
2022-11-07,Gweru,-19.45,29.8167,6,0,157400,3.8119,0.0
2022-11-14,Gweru,-19.45,29.8167,2,0,157400,1.2706,0.0
2022-11-21,Gweru,-19.45,29.8167,5,0,157400,3.1766,0.0
2022-11-28,Gweru,-19.45,29.8167,6,0,157400,3.8119,0.0
2022-12-05,Gweru,-19.45,29.8167,0,0,157400,0.0,0.0
2022-12-12,Gweru,-19.45,29.8167,5,0,157400,3.1766,0.0
2022-12-19,Gweru,-19.45,29.8167,2,0,157400,1.2706,0.0
2022-12-26,Gweru,-19.45,29.8167,4,0,157400,2.5413,0.0
2023-01-02,Gweru,-19.45,29.8167,1,0,157400,0.6353,0.0
2023-01-09,Gweru,-19.45,29.8167,5,0,157400,3.1766,0.0
2023-01-16,Gweru,-19.45,29.8167,1,0,157400,0.6353,0.0
2023-01-23,Gweru,-19.45,29.8167,0,0,157400,0.0,0.0
2023-01-30,Gweru,-19.45,29.8167,0,0,157400,0.0,0.0
2023-02-06,Gweru,-19.45,29.8167,4,0,157400,2.5413,0.0
2023-02-13,Gweru,-19.45,29.8167,8,0,157400,5.0826,0.0
2023-02-20,Gweru,-19.45,29.8167,3,0,157400,1.906,0.0
2023-02-27,Gweru,-19.45,29.8167,8,0,157400,5.0826,0.0
2023-03-06,Gweru,-19.45,29.8167,8,0,157400,5.0826,0.0
2023-03-13,Gweru,-19.45,29.8167,1,0,157400,0.6353,0.0
2023-03-20,Gweru,-19.45,29.8167,9,2,157400,5.7179,0.2222
2023-03-27,Gweru,-19.45,29.8167,0,0,157400,0.0,0.0
2023-04-03,Gweru,-19.45,29.8167,12,0,157400,7.6239,0.0
2023-04-10,Gweru,-19.45,29.8167,11,0,157400,6.9886,0.0
2023-04-17,Gweru,-19.45,29.8167,17,0,157400,10.8005,0.0
2023-04-24,Gweru,-19.45,29.8167,15,0,157400,9.5299,0.0
2023-05-01,Gweru,-19.45,29.8167,14,0,157400,8.8945,0.0
2023-05-08,Gweru,-19.45,29.8167,13,0,157400,8.2592,0.0
2023-05-15,Gweru,-19.45,29.8167,5,0,157400,3.1766,0.0
2023-05-22,Gweru,-19.45,29.8167,14,0,157400,8.8945,0.0
2023-05-29,Gweru,-19.45,29.8167,12,0,157400,7.6239,0.0
2023-06-05,Gweru,-19.45,29.8167,5,0,157400,3.1766,0.0
2023-06-12,Gweru,-19.45,29.8167,7,0,157400,4.4473,0.0
2023-06-19,Gweru,-19.45,29.8167,9,0,157400,5.7179,0.0
2023-06-26,Gweru,-19.45,29.8167,10,0,157400,6.3532,0.0
2023-07-03,Gweru,-19.45,29.8167,4,0,157400,2.5413,0.0
2023-07-10,Gweru,-19.45,29.8167,5,0,157400,3.1766,0.0
2023-07-17,Gweru,-19.45,29.8167,7,0,157400,4.4473,0.0
2023-07-24,Gweru,-19.45,29.8167,6,0,157400,3.8119,0.0
2023-07-31,Gweru,-19.45,29.8167,4,1,157400,2.5413,0.25
2023-08-07,Gweru,-19.45,29.8167,6,0,157400,3.8119,0.0
2023-08-14,Gweru,-19.45,29.8167,7,0,157400,4.4473,0.0
2023-08-21,Gweru,-19.45,29.8167,2,0,157400,1.2706,0.0
2023-08-28,Gweru,-19.45,29.8167,7,0,157400,4.4473,0.0
2023-09-04,Gweru,-19.45,29.8167,5,0,157400,3.1766,0.0
2023-09-11,Gweru,-19.45,29.8167,0,0,157400,0.0,0.0
2023-09-18,Gweru,-19.45,29.8167,0,0,157400,0.0,0.0
2023-09-25,Gweru,-19.45,29.8167,4,0,157400,2.5413,0.0
2023-10-02,Gweru,-19.45,29.8167,3,0,157400,1.906,0.0
2023-10-09,Gweru,-19.45,29.8167,3,0,157400,1.906,0.0
2023-10-16,Gweru,-19.45,29.8167,2,0,157400,1.2706,0.0
2023-10-23,Gweru,-19.45,29.8167,2,0,157400,1.2706,0.0
2023-10-30,Gweru,-19.45,29.8167,3,0,157400,1.906,0.0
2023-11-06,Gweru,-19.45,29.8167,0,0,157400,0.0,0.0
2023-11-13,Gweru,-19.45,29.8167,14,0,157400,8.8945,0.0
2023-11-20,Gweru,-19.45,29.8167,13,0,157400,8.2592,0.0
2023-11-27,Gweru,-19.45,29.8167,6,0,157400,3.8119,0.0
2023-12-04,Gweru,-19.45,29.8167,3,0,157400,1.906,0.0
2023-12-11,Gweru,-19.45,29.8167,1,0,157400,0.6353,0.0
2023-12-18,Gweru,-19.45,29.8167,5,0,157400,3.1766,0.0
2023-12-25,Gweru,-19.45,29.8167,3,0,157400,1.906,0.0
2024-01-01,Gweru,-19.45,29.8167,2,0,157400,1.2706,0.0
2024-01-08,Gweru,-19.45,29.8167,2,0,157400,1.2706,0.0
2024-01-15,Gweru,-19.45,29.8167,1,0,157400,0.6353,0.0
2024-01-22,Gweru,-19.45,29.8167,1,0,157400,0.6353,0.0
2024-01-29,Gweru,-19.45,29.8167,0,0,157400,0.0,0.0
2024-02-05,Gweru,-19.45,29.8167,1,0,157400,0.6353,0.0
2024-02-12,Gweru,-19.45,29.8167,1,0,157400,0.6353,0.0
2024-02-19,Gweru,-19.45,29.8167,2,0,157400,1.2706,0.0
2024-02-26,Gweru,-19.45,29.8167,0,0,157400,0.0,0.0
2024-03-04,Gweru,-19.45,29.8167,2,0,157400,1.2706,0.0
2024-03-11,Gweru,-19.45,29.8167,4,0,157400,2.5413,0.0
2024-03-18,Gweru,-19.45,29.8167,3,0,157400,1.906,0.0
2024-03-25,Gweru,-19.45,29.8167,0,0,157400,0.0,0.0
2024-04-01,Gweru,-19.45,29.8167,2,0,157400,1.2706,0.0
2024-04-08,Gweru,-19.45,29.8167,4,0,157400,2.5413,0.0
2024-04-15,Gweru,-19.45,29.8167,5,0,157400,3.1766,0.0
2024-04-22,Gweru,-19.45,29.8167,1,0,157400,0.6353,0.0
2024-04-29,Gweru,-19.45,29.8167,7,0,157400,4.4473,0.0
2024-05-06,Gweru,-19.45,29.8167,0,0,157400,0.0,0.0
2024-05-13,Gweru,-19.45,29.8167,5,0,157400,3.1766,0.0
2024-05-20,Gweru,-19.45,29.8167,3,0,157400,1.906,0.0
2024-05-27,Gweru,-19.45,29.8167,2,0,157400,1.2706,0.0
2024-06-03,Gweru,-19.45,29.8167,2,0,157400,1.2706,0.0
2024-06-10,Gweru,-19.45,29.8167,2,0,157400,1.2706,0.0
2024-06-17,Gweru,-19.45,29.8167,1,0,157400,0.6353,0.0
2024-06-24,Gweru,-19.45,29.8167,1,0,157400,0.6353,0.0
2024-07-01,Gweru,-19.45,29.8167,3,0,157400,1.906,0.0
2024-07-08,Gweru,-19.45,29.8167,1,0,157400,0.6353,0.0
2024-07-15,Gweru,-19.45,29.8167,1,0,157400,0.6353,0.0
2024-07-22,Gweru,-19.45,29.8167,2,0,157400,1.2706,0.0
2024-07-29,Gweru,-19.45,29.8167,0,0,157400,0.0,0.0
2024-08-05,Gweru,-19.45,29.8167,3,0,157400,1.906,0.0
2024-08-12,Gweru,-19.45,29.8167,4,0,157400,2.5413,0.0
2024-08-19,Gweru,-19.45,29.8167,1,0,157400,0.6353,0.0
2024-08-26,Gweru,-19.45,29.8167,0,0,157400,0.0,0.0
2024-09-02,Gweru,-19.45,29.8167,4,0,157400,2.5413,0.0
2024-09-09,Gweru,-19.45,29.8167,1,0,157400,0.6353,0.0
2024-09-16,Gweru,-19.45,29.8167,7,0,157400,4.4473,0.0
2024-09-23,Gweru,-19.45,29.8167,0,0,157400,0.0,0.0
2024-09-30,Gweru,-19.45,29.8167,0,0,157400,0.0,0.0
2024-10-07,Gweru,-19.45,29.8167,2,0,157400,1.2706,0.0
2024-10-14,Gweru,-19.45,29.8167,6,0,157400,3.8119,0.0
2024-10-21,Gweru,-19.45,29.8167,3,0,157400,1.906,0.0
2024-10-28,Gweru,-19.45,29.8167,4,0,157400,2.5413,0.0
2024-11-04,Gweru,-19.45,29.8167,9,0,157400,5.7179,0.0
2024-11-11,Gweru,-19.45,29.8167,8,0,157400,5.0826,0.0
2024-11-18,Gweru,-19.45,29.8167,9,0,157400,5.7179,0.0
2024-11-25,Gweru,-19.45,29.8167,4,1,157400,2.5413,0.25
2024-12-02,Gweru,-19.45,29.8167,4,0,157400,2.5413,0.0
2024-12-09,Gweru,-19.45,29.8167,3,0,157400,1.906,0.0
2024-12-16,Gweru,-19.45,29.8167,7,0,157400,4.4473,0.0
2024-12-23,Gweru,-19.45,29.8167,6,0,157400,3.8119,0.0
2024-12-30,Gweru,-19.45,29.8167,1,0,157400,0.6353,0.0
2025-01-06,Gweru,-19.45,29.8167,1,0,157400,0.6353,0.0
2025-01-13,Gweru,-19.45,29.8167,3,0,157400,1.906,0.0
2025-01-20,Gweru,-19.45,29.8167,6,0,157400,3.8119,0.0
2025-01-27,Gweru,-19.45,29.8167,1,0,157400,0.6353,0.0
2025-02-03,Gweru,-19.45,29.8167,1,0,157400,0.6353,0.0
2025-02-10,Gweru,-19.45,29.8167,3,0,157400,1.906,0.0
2025-02-17,Gweru,-19.45,29.8167,2,0,157400,1.2706,0.0
2025-02-24,Gweru,-19.45,29.8167,3,0,157400,1.906,0.0
2025-03-03,Gweru,-19.45,29.8167,3,0,157400,1.906,0.0
2025-03-10,Gweru,-19.45,29.8167,0,0,157400,0.0,0.0
2025-03-17,Gweru,-19.45,29.8167,5,0,157400,3.1766,0.0
2025-03-24,Gweru,-19.45,29.8167,8,0,157400,5.0826,0.0
2025-03-31,Gweru,-19.45,29.8167,7,0,157400,4.4473,0.0
2025-04-07,Gweru,-19.45,29.8167,2,0,157400,1.2706,0.0
2025-04-14,Gweru,-19.45,29.8167,4,0,157400,2.5413,0.0
2025-04-21,Gweru,-19.45,29.8167,2,0,157400,1.2706,0.0
2025-04-28,Gweru,-19.45,29.8167,1,0,157400,0.6353,0.0
2025-05-05,Gweru,-19.45,29.8167,8,0,157400,5.0826,0.0
2025-05-12,Gweru,-19.45,29.8167,2,0,157400,1.2706,0.0
2025-05-19,Gweru,-19.45,29.8167,1,0,157400,0.6353,0.0
2025-05-26,Gweru,-19.45,29.8167,2,0,157400,1.2706,0.0
2025-06-02,Gweru,-19.45,29.8167,2,0,157400,1.2706,0.0
2025-06-09,Gweru,-19.45,29.8167,4,0,157400,2.5413,0.0
2025-06-16,Gweru,-19.45,29.8167,2,0,157400,1.2706,0.0
2025-06-23,Gweru,-19.45,29.8167,1,0,157400,0.6353,0.0
2025-06-30,Gweru,-19.45,29.8167,0,0,157400,0.0,0.0
2025-07-07,Gweru,-19.45,29.8167,1,0,157400,0.6353,0.0
2025-07-14,Gweru,-19.45,29.8167,3,0,157400,1.906,0.0
2025-07-21,Gweru,-19.45,29.8167,0,0,157400,0.0,0.0
2025-07-28,Gweru,-19.45,29.8167,0,0,157400,0.0,0.0
2025-08-04,Gweru,-19.45,29.8167,0,0,157400,0.0,0.0
2025-08-11,Gweru,-19.45,29.8167,0,0,157400,0.0,0.0
2025-08-18,Gweru,-19.45,29.8167,0,0,157400,0.0,0.0
2025-08-25,Gweru,-19.45,29.8167,2,0,157400,1.2706,0.0
2025-09-01,Gweru,-19.45,29.8167,0,0,157400,0.0,0.0
2025-09-08,Gweru,-19.45,29.8167,1,0,157400,0.6353,0.0
2025-09-15,Gweru,-19.45,29.8167,5,0,157400,3.1766,0.0
2025-09-22,Gweru,-19.45,29.8167,1,0,157400,0.6353,0.0
2025-09-29,Gweru,-19.45,29.8167,2,0,157400,1.2706,0.0
2025-10-06,Gweru,-19.45,29.8167,2,0,157400,1.2706,0.0
2025-10-13,Gweru,-19.45,29.8167,2,0,157400,1.2706,0.0
2025-10-20,Gweru,-19.45,29.8167,4,0,157400,2.5413,0.0
2025-10-27,Gweru,-19.45,29.8167,4,0,157400,2.5413,0.0
2025-11-03,Gweru,-19.45,29.8167,3,0,157400,1.906,0.0
2025-11-10,Gweru,-19.45,29.8167,5,0,157400,3.1766,0.0
2025-11-17,Gweru,-19.45,29.8167,9,0,157400,5.7179,0.0
2025-11-24,Gweru,-19.45,29.8167,9,0,157400,5.7179,0.0
2025-12-01,Gweru,-19.45,29.8167,1,0,157400,0.6353,0.0
2025-12-08,Gweru,-19.45,29.8167,6,0,157400,3.8119,0.0
2025-12-15,Gweru,-19.45,29.8167,6,0,157400,3.8119,0.0
2025-12-22,Gweru,-19.45,29.8167,1,0,157400,0.6353,0.0
2025-12-29,Gweru,-19.45,29.8167,4,0,157400,2.5413,0.0
2018-01-01,Harare,-17.8292,31.0522,37,0,2123132,1.7427,0.0
2018-01-08,Harare,-17.8292,31.0522,15,0,2123132,0.7065,0.0
2018-01-15,Harare,-17.8292,31.0522,32,0,2123132,1.5072,0.0
2018-01-22,Harare,-17.8292,31.0522,13,0,2123132,0.6123,0.0
2018-01-29,Harare,-17.8292,31.0522,33,0,2123132,1.5543,0.0
2018-02-05,Harare,-17.8292,31.0522,22,1,2123132,1.0362,0.0455
2018-02-12,Harare,-17.8292,31.0522,13,0,2123132,0.6123,0.0
2018-02-19,Harare,-17.8292,31.0522,14,0,2123132,0.6594,0.0
2018-02-26,Harare,-17.8292,31.0522,10,0,2123132,0.471,0.0
2018-03-05,Harare,-17.8292,31.0522,27,0,2123132,1.2717,0.0
2018-03-12,Harare,-17.8292,31.0522,15,0,2123132,0.7065,0.0
2018-03-19,Harare,-17.8292,31.0522,49,0,2123132,2.3079,0.0
2018-03-26,Harare,-17.8292,31.0522,38,1,2123132,1.7898,0.0263
2018-04-02,Harare,-17.8292,31.0522,17,0,2123132,0.8007,0.0
2018-04-09,Harare,-17.8292,31.0522,35,0,2123132,1.6485,0.0
2018-04-16,Harare,-17.8292,31.0522,21,0,2123132,0.9891,0.0
2018-04-23,Harare,-17.8292,31.0522,28,0,2123132,1.3188,0.0
2018-04-30,Harare,-17.8292,31.0522,46,0,2123132,2.1666,0.0
2018-05-07,Harare,-17.8292,31.0522,23,0,2123132,1.0833,0.0
2018-05-14,Harare,-17.8292,31.0522,61,0,2123132,2.8731,0.0
2018-05-21,Harare,-17.8292,31.0522,19,0,2123132,0.8949,0.0
2018-05-28,Harare,-17.8292,31.0522,41,0,2123132,1.9311,0.0
2018-06-04,Harare,-17.8292,31.0522,33,0,2123132,1.5543,0.0
2018-06-11,Harare,-17.8292,31.0522,28,0,2123132,1.3188,0.0
2018-06-18,Harare,-17.8292,31.0522,45,0,2123132,2.1195,0.0
2018-06-25,Harare,-17.8292,31.0522,19,0,2123132,0.8949,0.0
2018-07-02,Harare,-17.8292,31.0522,55,0,2123132,2.5905,0.0
2018-07-09,Harare,-17.8292,31.0522,19,0,2123132,0.8949,0.0
2018-07-16,Harare,-17.8292,31.0522,17,0,2123132,0.8007,0.0
2018-07-23,Harare,-17.8292,31.0522,12,0,2123132,0.5652,0.0
2018-07-30,Harare,-17.8292,31.0522,15,0,2123132,0.7065,0.0
2018-08-06,Harare,-17.8292,31.0522,33,1,2123132,1.5543,0.0303
2018-08-13,Harare,-17.8292,31.0522,10,0,2123132,0.471,0.0
2018-08-20,Harare,-17.8292,31.0522,9,0,2123132,0.4239,0.0
2018-08-27,Harare,-17.8292,31.0522,6,0,2123132,0.2826,0.0
2018-09-03,Harare,-17.8292,31.0522,74,0,2123132,3.4854,0.0
2018-09-10,Harare,-17.8292,31.0522,120,2,2123132,5.652,0.0167
2018-09-17,Harare,-17.8292,31.0522,40,1,2123132,1.884,0.025
2018-09-24,Harare,-17.8292,31.0522,39,1,2123132,1.8369,0.0256
2018-10-01,Harare,-17.8292,31.0522,118,1,2123132,5.5578,0.0085
2018-10-08,Harare,-17.8292,31.0522,111,3,2123132,5.2281,0.027
2018-10-15,Harare,-17.8292,31.0522,56,0,2123132,2.6376,0.0
2018-10-22,Harare,-17.8292,31.0522,114,2,2123132,5.3694,0.0175
2018-10-29,Harare,-17.8292,31.0522,84,1,2123132,3.9564,0.0119
2018-11-05,Harare,-17.8292,31.0522,92,0,2123132,4.3332,0.0
2018-11-12,Harare,-17.8292,31.0522,146,1,2123132,6.8766,0.0068
2018-11-19,Harare,-17.8292,31.0522,208,2,2123132,9.7968,0.0096
2018-11-26,Harare,-17.8292,31.0522,120,3,2123132,5.652,0.025
2018-12-03,Harare,-17.8292,31.0522,208,7,2123132,9.7968,0.0337
2018-12-10,Harare,-17.8292,31.0522,81,1,2123132,3.8151,0.0123
2018-12-17,Harare,-17.8292,31.0522,191,4,2123132,8.9961,0.0209
2018-12-24,Harare,-17.8292,31.0522,48,2,2123132,2.2608,0.0417
2018-12-31,Harare,-17.8292,31.0522,59,2,2123132,2.7789,0.0339
2019-01-07,Harare,-17.8292,31.0522,78,1,2123132,3.6738,0.0128
2019-01-14,Harare,-17.8292,31.0522,58,1,2123132,2.7318,0.0172
2019-01-21,Harare,-17.8292,31.0522,71,1,2123132,3.3441,0.0141
2019-01-28,Harare,-17.8292,31.0522,53,3,2123132,2.4963,0.0566
2019-02-04,Harare,-17.8292,31.0522,118,3,2123132,5.5578,0.0254
2019-02-11,Harare,-17.8292,31.0522,87,2,2123132,4.0977,0.023
2019-02-18,Harare,-17.8292,31.0522,41,1,2123132,1.9311,0.0244
2019-02-25,Harare,-17.8292,31.0522,79,0,2123132,3.7209,0.0
2019-03-04,Harare,-17.8292,31.0522,44,2,2123132,2.0724,0.0455
2019-03-11,Harare,-17.8292,31.0522,55,1,2123132,2.5905,0.0182
2019-03-18,Harare,-17.8292,31.0522,74,1,2123132,3.4854,0.0135
2019-03-25,Harare,-17.8292,31.0522,115,5,2123132,5.4165,0.0435
2019-04-01,Harare,-17.8292,31.0522,140,2,2123132,6.594,0.0143
2019-04-08,Harare,-17.8292,31.0522,98,3,2123132,4.6158,0.0306
2019-04-15,Harare,-17.8292,31.0522,157,1,2123132,7.3947,0.0064
2019-04-22,Harare,-17.8292,31.0522,230,5,2123132,10.8331,0.0217
2019-04-29,Harare,-17.8292,31.0522,104,6,2123132,4.8984,0.0577
2019-05-06,Harare,-17.8292,31.0522,148,3,2123132,6.9708,0.0203
2019-05-13,Harare,-17.8292,31.0522,41,1,2123132,1.9311,0.0244
2019-05-20,Harare,-17.8292,31.0522,46,0,2123132,2.1666,0.0
2019-05-27,Harare,-17.8292,31.0522,150,5,2123132,7.065,0.0333
2019-06-03,Harare,-17.8292,31.0522,142,1,2123132,6.6882,0.007
2019-06-10,Harare,-17.8292,31.0522,95,3,2123132,4.4745,0.0316
2019-06-17,Harare,-17.8292,31.0522,126,0,2123132,5.9346,0.0
2019-06-24,Harare,-17.8292,31.0522,118,4,2123132,5.5578,0.0339
2019-07-01,Harare,-17.8292,31.0522,20,0,2123132,0.942,0.0
2019-07-08,Harare,-17.8292,31.0522,24,0,2123132,1.1304,0.0
2019-07-15,Harare,-17.8292,31.0522,32,0,2123132,1.5072,0.0
2019-07-22,Harare,-17.8292,31.0522,8,0,2123132,0.3768,0.0
2019-07-29,Harare,-17.8292,31.0522,13,0,2123132,0.6123,0.0
2019-08-05,Harare,-17.8292,31.0522,23,0,2123132,1.0833,0.0
2019-08-12,Harare,-17.8292,31.0522,13,0,2123132,0.6123,0.0
2019-08-19,Harare,-17.8292,31.0522,1,0,2123132,0.0471,0.0
2019-08-26,Harare,-17.8292,31.0522,23,0,2123132,1.0833,0.0
2019-09-02,Harare,-17.8292,31.0522,21,0,2123132,0.9891,0.0
2019-09-09,Harare,-17.8292,31.0522,18,0,2123132,0.8478,0.0
2019-09-16,Harare,-17.8292,31.0522,26,0,2123132,1.2246,0.0
2019-09-23,Harare,-17.8292,31.0522,9,0,2123132,0.4239,0.0
2019-09-30,Harare,-17.8292,31.0522,27,0,2123132,1.2717,0.0
2019-10-07,Harare,-17.8292,31.0522,9,0,2123132,0.4239,0.0
2019-10-14,Harare,-17.8292,31.0522,17,0,2123132,0.8007,0.0
2019-10-21,Harare,-17.8292,31.0522,15,0,2123132,0.7065,0.0
2019-10-28,Harare,-17.8292,31.0522,31,1,2123132,1.4601,0.0323
2019-11-04,Harare,-17.8292,31.0522,27,0,2123132,1.2717,0.0
2019-11-11,Harare,-17.8292,31.0522,48,0,2123132,2.2608,0.0
2019-11-18,Harare,-17.8292,31.0522,31,0,2123132,1.4601,0.0
2019-11-25,Harare,-17.8292,31.0522,56,1,2123132,2.6376,0.0179
2019-12-02,Harare,-17.8292,31.0522,49,0,2123132,2.3079,0.0
2019-12-09,Harare,-17.8292,31.0522,20,0,2123132,0.942,0.0
2019-12-16,Harare,-17.8292,31.0522,39,0,2123132,1.8369,0.0
2019-12-23,Harare,-17.8292,31.0522,18,0,2123132,0.8478,0.0
2019-12-30,Harare,-17.8292,31.0522,28,0,2123132,1.3188,0.0
2020-01-06,Harare,-17.8292,31.0522,73,0,2123132,3.4383,0.0
2020-01-13,Harare,-17.8292,31.0522,15,0,2123132,0.7065,0.0
2020-01-20,Harare,-17.8292,31.0522,15,0,2123132,0.7065,0.0
2020-01-27,Harare,-17.8292,31.0522,19,0,2123132,0.8949,0.0
2020-02-03,Harare,-17.8292,31.0522,16,0,2123132,0.7536,0.0
2020-02-10,Harare,-17.8292,31.0522,23,0,2123132,1.0833,0.0
2020-02-17,Harare,-17.8292,31.0522,12,0,2123132,0.5652,0.0
2020-02-24,Harare,-17.8292,31.0522,20,0,2123132,0.942,0.0
2020-03-02,Harare,-17.8292,31.0522,76,0,2123132,3.5796,0.0
2020-03-09,Harare,-17.8292,31.0522,31,0,2123132,1.4601,0.0
2020-03-16,Harare,-17.8292,31.0522,139,0,2123132,6.5469,0.0
2020-03-23,Harare,-17.8292,31.0522,40,0,2123132,1.884,0.0
2020-03-30,Harare,-17.8292,31.0522,80,0,2123132,3.768,0.0
2020-04-06,Harare,-17.8292,31.0522,96,0,2123132,4.5216,0.0
2020-04-13,Harare,-17.8292,31.0522,51,0,2123132,2.4021,0.0
2020-04-20,Harare,-17.8292,31.0522,100,0,2123132,4.71,0.0
2020-04-27,Harare,-17.8292,31.0522,76,0,2123132,3.5796,0.0
2020-05-04,Harare,-17.8292,31.0522,28,0,2123132,1.3188,0.0
2020-05-11,Harare,-17.8292,31.0522,6,0,2123132,0.2826,0.0
2020-05-18,Harare,-17.8292,31.0522,37,2,2123132,1.7427,0.0541
2020-05-25,Harare,-17.8292,31.0522,31,0,2123132,1.4601,0.0
2020-06-01,Harare,-17.8292,31.0522,41,0,2123132,1.9311,0.0
2020-06-08,Harare,-17.8292,31.0522,3,0,2123132,0.1413,0.0
2020-06-15,Harare,-17.8292,31.0522,30,0,2123132,1.413,0.0
2020-06-22,Harare,-17.8292,31.0522,11,0,2123132,0.5181,0.0
2020-06-29,Harare,-17.8292,31.0522,25,0,2123132,1.1775,0.0
2020-07-06,Harare,-17.8292,31.0522,11,0,2123132,0.5181,0.0
2020-07-13,Harare,-17.8292,31.0522,9,0,2123132,0.4239,0.0
2020-07-20,Harare,-17.8292,31.0522,16,0,2123132,0.7536,0.0
2020-07-27,Harare,-17.8292,31.0522,3,0,2123132,0.1413,0.0
2020-08-03,Harare,-17.8292,31.0522,11,0,2123132,0.5181,0.0
2020-08-10,Harare,-17.8292,31.0522,16,0,2123132,0.7536,0.0
2020-08-17,Harare,-17.8292,31.0522,23,0,2123132,1.0833,0.0
2020-08-24,Harare,-17.8292,31.0522,3,1,2123132,0.1413,0.3333
2020-08-31,Harare,-17.8292,31.0522,23,0,2123132,1.0833,0.0
2020-09-07,Harare,-17.8292,31.0522,10,0,2123132,0.471,0.0
2020-09-14,Harare,-17.8292,31.0522,15,0,2123132,0.7065,0.0
2020-09-21,Harare,-17.8292,31.0522,13,0,2123132,0.6123,0.0
2020-09-28,Harare,-17.8292,31.0522,40,0,2123132,1.884,0.0
2020-10-05,Harare,-17.8292,31.0522,22,0,2123132,1.0362,0.0
2020-10-12,Harare,-17.8292,31.0522,47,0,2123132,2.2137,0.0
2020-10-19,Harare,-17.8292,31.0522,15,0,2123132,0.7065,0.0
2020-10-26,Harare,-17.8292,31.0522,6,0,2123132,0.2826,0.0
2020-11-02,Harare,-17.8292,31.0522,37,1,2123132,1.7427,0.027
2020-11-09,Harare,-17.8292,31.0522,51,0,2123132,2.4021,0.0
2020-11-16,Harare,-17.8292,31.0522,67,0,2123132,3.1557,0.0
2020-11-23,Harare,-17.8292,31.0522,41,0,2123132,1.9311,0.0
2020-11-30,Harare,-17.8292,31.0522,43,1,2123132,2.0253,0.0233
2020-12-07,Harare,-17.8292,31.0522,21,0,2123132,0.9891,0.0
2020-12-14,Harare,-17.8292,31.0522,33,0,2123132,1.5543,0.0
2020-12-21,Harare,-17.8292,31.0522,8,0,2123132,0.3768,0.0
2020-12-28,Harare,-17.8292,31.0522,39,0,2123132,1.8369,0.0
2021-01-04,Harare,-17.8292,31.0522,32,0,2123132,1.5072,0.0
2021-01-11,Harare,-17.8292,31.0522,13,0,2123132,0.6123,0.0
2021-01-18,Harare,-17.8292,31.0522,11,0,2123132,0.5181,0.0
2021-01-25,Harare,-17.8292,31.0522,12,0,2123132,0.5652,0.0
2021-02-01,Harare,-17.8292,31.0522,11,0,2123132,0.5181,0.0
2021-02-08,Harare,-17.8292,31.0522,24,0,2123132,1.1304,0.0
2021-02-15,Harare,-17.8292,31.0522,9,0,2123132,0.4239,0.0
2021-02-22,Harare,-17.8292,31.0522,24,0,2123132,1.1304,0.0
2021-03-01,Harare,-17.8292,31.0522,18,0,2123132,0.8478,0.0
2021-03-08,Harare,-17.8292,31.0522,32,0,2123132,1.5072,0.0
2021-03-15,Harare,-17.8292,31.0522,30,0,2123132,1.413,0.0
2021-03-22,Harare,-17.8292,31.0522,28,0,2123132,1.3188,0.0
2021-03-29,Harare,-17.8292,31.0522,39,2,2123132,1.8369,0.0513
2021-04-05,Harare,-17.8292,31.0522,32,0,2123132,1.5072,0.0
2021-04-12,Harare,-17.8292,31.0522,49,0,2123132,2.3079,0.0
2021-04-19,Harare,-17.8292,31.0522,71,1,2123132,3.3441,0.0141
2021-04-26,Harare,-17.8292,31.0522,22,0,2123132,1.0362,0.0
2021-05-03,Harare,-17.8292,31.0522,16,0,2123132,0.7536,0.0
2021-05-10,Harare,-17.8292,31.0522,66,0,2123132,3.1086,0.0
2021-05-17,Harare,-17.8292,31.0522,56,0,2123132,2.6376,0.0
2021-05-24,Harare,-17.8292,31.0522,21,0,2123132,0.9891,0.0
2021-05-31,Harare,-17.8292,31.0522,43,0,2123132,2.0253,0.0
2021-06-07,Harare,-17.8292,31.0522,59,0,2123132,2.7789,0.0
2021-06-14,Harare,-17.8292,31.0522,19,0,2123132,0.8949,0.0
2021-06-21,Harare,-17.8292,31.0522,27,1,2123132,1.2717,0.037
2021-06-28,Harare,-17.8292,31.0522,5,0,2123132,0.2355,0.0
2021-07-05,Harare,-17.8292,31.0522,17,0,2123132,0.8007,0.0
2021-07-12,Harare,-17.8292,31.0522,16,0,2123132,0.7536,0.0
2021-07-19,Harare,-17.8292,31.0522,9,0,2123132,0.4239,0.0
2021-07-26,Harare,-17.8292,31.0522,10,1,2123132,0.471,0.1
2021-08-02,Harare,-17.8292,31.0522,7,0,2123132,0.3297,0.0
2021-08-09,Harare,-17.8292,31.0522,14,0,2123132,0.6594,0.0
2021-08-16,Harare,-17.8292,31.0522,14,0,2123132,0.6594,0.0
2021-08-23,Harare,-17.8292,31.0522,9,0,2123132,0.4239,0.0
2021-08-30,Harare,-17.8292,31.0522,17,0,2123132,0.8007,0.0
2021-09-06,Harare,-17.8292,31.0522,10,0,2123132,0.471,0.0
2021-09-13,Harare,-17.8292,31.0522,16,0,2123132,0.7536,0.0
2021-09-20,Harare,-17.8292,31.0522,42,0,2123132,1.9782,0.0
2021-09-27,Harare,-17.8292,31.0522,42,0,2123132,1.9782,0.0
2021-10-04,Harare,-17.8292,31.0522,29,0,2123132,1.3659,0.0
2021-10-11,Harare,-17.8292,31.0522,24,0,2123132,1.1304,0.0
2021-10-18,Harare,-17.8292,31.0522,26,0,2123132,1.2246,0.0
2021-10-25,Harare,-17.8292,31.0522,29,0,2123132,1.3659,0.0
2021-11-01,Harare,-17.8292,31.0522,167,3,2123132,7.8657,0.018
2021-11-08,Harare,-17.8292,31.0522,98,2,2123132,4.6158,0.0204
2021-11-15,Harare,-17.8292,31.0522,102,2,2123132,4.8042,0.0196
2021-11-22,Harare,-17.8292,31.0522,73,0,2123132,3.4383,0.0
2021-11-29,Harare,-17.8292,31.0522,81,0,2123132,3.8151,0.0
2021-12-06,Harare,-17.8292,31.0522,165,2,2123132,7.7715,0.0121
2021-12-13,Harare,-17.8292,31.0522,42,0,2123132,1.9782,0.0
2021-12-20,Harare,-17.8292,31.0522,46,0,2123132,2.1666,0.0
2021-12-27,Harare,-17.8292,31.0522,84,0,2123132,3.9564,0.0
2022-01-03,Harare,-17.8292,31.0522,14,1,2123132,0.6594,0.0714
2022-01-10,Harare,-17.8292,31.0522,77,4,2123132,3.6267,0.0519
2022-01-17,Harare,-17.8292,31.0522,52,3,2123132,2.4492,0.0577
2022-01-24,Harare,-17.8292,31.0522,40,0,2123132,1.884,0.0
2022-01-31,Harare,-17.8292,31.0522,54,1,2123132,2.5434,0.0185
2022-02-07,Harare,-17.8292,31.0522,36,0,2123132,1.6956,0.0
2022-02-14,Harare,-17.8292,31.0522,53,1,2123132,2.4963,0.0189
2022-02-21,Harare,-17.8292,31.0522,26,0,2123132,1.2246,0.0
2022-02-28,Harare,-17.8292,31.0522,59,2,2123132,2.7789,0.0339
2022-03-07,Harare,-17.8292,31.0522,59,1,2123132,2.7789,0.0169
2022-03-14,Harare,-17.8292,31.0522,102,2,2123132,4.8042,0.0196
2022-03-21,Harare,-17.8292,31.0522,68,0,2123132,3.2028,0.0
2022-03-28,Harare,-17.8292,31.0522,117,0,2123132,5.5107,0.0
2022-04-04,Harare,-17.8292,31.0522,50,0,2123132,2.355,0.0
2022-04-11,Harare,-17.8292,31.0522,49,0,2123132,2.3079,0.0
2022-04-18,Harare,-17.8292,31.0522,71,0,2123132,3.3441,0.0
2022-04-25,Harare,-17.8292,31.0522,35,0,2123132,1.6485,0.0
2022-05-02,Harare,-17.8292,31.0522,30,0,2123132,1.413,0.0
2022-05-09,Harare,-17.8292,31.0522,24,0,2123132,1.1304,0.0
2022-05-16,Harare,-17.8292,31.0522,29,0,2123132,1.3659,0.0
2022-05-23,Harare,-17.8292,31.0522,25,0,2123132,1.1775,0.0
2022-05-30,Harare,-17.8292,31.0522,27,0,2123132,1.2717,0.0
2022-06-06,Harare,-17.8292,31.0522,15,1,2123132,0.7065,0.0667
2022-06-13,Harare,-17.8292,31.0522,39,0,2123132,1.8369,0.0
2022-06-20,Harare,-17.8292,31.0522,41,0,2123132,1.9311,0.0
2022-06-27,Harare,-17.8292,31.0522,37,0,2123132,1.7427,0.0
2022-07-04,Harare,-17.8292,31.0522,40,0,2123132,1.884,0.0
2022-07-11,Harare,-17.8292,31.0522,12,0,2123132,0.5652,0.0
2022-07-18,Harare,-17.8292,31.0522,16,0,2123132,0.7536,0.0
2022-07-25,Harare,-17.8292,31.0522,26,1,2123132,1.2246,0.0385
2022-08-01,Harare,-17.8292,31.0522,16,1,2123132,0.7536,0.0625
2022-08-08,Harare,-17.8292,31.0522,12,0,2123132,0.5652,0.0
2022-08-15,Harare,-17.8292,31.0522,12,1,2123132,0.5652,0.0833
2022-08-22,Harare,-17.8292,31.0522,14,0,2123132,0.6594,0.0
2022-08-29,Harare,-17.8292,31.0522,15,0,2123132,0.7065,0.0
2022-09-05,Harare,-17.8292,31.0522,18,0,2123132,0.8478,0.0
2022-09-12,Harare,-17.8292,31.0522,21,0,2123132,0.9891,0.0
2022-09-19,Harare,-17.8292,31.0522,21,0,2123132,0.9891,0.0
2022-09-26,Harare,-17.8292,31.0522,71,0,2123132,3.3441,0.0
2022-10-03,Harare,-17.8292,31.0522,38,0,2123132,1.7898,0.0
2022-10-10,Harare,-17.8292,31.0522,67,0,2123132,3.1557,0.0
2022-10-17,Harare,-17.8292,31.0522,20,0,2123132,0.942,0.0
2022-10-24,Harare,-17.8292,31.0522,12,0,2123132,0.5652,0.0
2022-10-31,Harare,-17.8292,31.0522,47,1,2123132,2.2137,0.0213
2022-11-07,Harare,-17.8292,31.0522,34,1,2123132,1.6014,0.0294
2022-11-14,Harare,-17.8292,31.0522,45,0,2123132,2.1195,0.0
2022-11-21,Harare,-17.8292,31.0522,47,0,2123132,2.2137,0.0
2022-11-28,Harare,-17.8292,31.0522,24,0,2123132,1.1304,0.0
2022-12-05,Harare,-17.8292,31.0522,61,0,2123132,2.8731,0.0
2022-12-12,Harare,-17.8292,31.0522,40,0,2123132,1.884,0.0
2022-12-19,Harare,-17.8292,31.0522,62,0,2123132,2.9202,0.0
2022-12-26,Harare,-17.8292,31.0522,12,0,2123132,0.5652,0.0
2023-01-02,Harare,-17.8292,31.0522,35,0,2123132,1.6485,0.0
2023-01-09,Harare,-17.8292,31.0522,61,0,2123132,2.8731,0.0
2023-01-16,Harare,-17.8292,31.0522,27,0,2123132,1.2717,0.0
2023-01-23,Harare,-17.8292,31.0522,18,1,2123132,0.8478,0.0556
2023-01-30,Harare,-17.8292,31.0522,16,0,2123132,0.7536,0.0
2023-02-06,Harare,-17.8292,31.0522,78,2,2123132,3.6738,0.0256
2023-02-13,Harare,-17.8292,31.0522,22,0,2123132,1.0362,0.0
2023-02-20,Harare,-17.8292,31.0522,57,2,2123132,2.6847,0.0351
2023-02-27,Harare,-17.8292,31.0522,15,0,2123132,0.7065,0.0
2023-03-06,Harare,-17.8292,31.0522,79,1,2123132,3.7209,0.0127
2023-03-13,Harare,-17.8292,31.0522,107,4,2123132,5.0397,0.0374
2023-03-20,Harare,-17.8292,31.0522,73,1,2123132,3.4383,0.0137
2023-03-27,Harare,-17.8292,31.0522,42,0,2123132,1.9782,0.0
2023-04-03,Harare,-17.8292,31.0522,82,3,2123132,3.8622,0.0366
2023-04-10,Harare,-17.8292,31.0522,85,0,2123132,4.0035,0.0
2023-04-17,Harare,-17.8292,31.0522,77,1,2123132,3.6267,0.013
2023-04-24,Harare,-17.8292,31.0522,89,1,2123132,4.1919,0.0112
2023-05-01,Harare,-17.8292,31.0522,111,0,2123132,5.2281,0.0
2023-05-08,Harare,-17.8292,31.0522,149,1,2123132,7.0179,0.0067
2023-05-15,Harare,-17.8292,31.0522,110,4,2123132,5.181,0.0364
2023-05-22,Harare,-17.8292,31.0522,89,1,2123132,4.1919,0.0112
2023-05-29,Harare,-17.8292,31.0522,112,2,2123132,5.2752,0.0179
2023-06-05,Harare,-17.8292,31.0522,86,2,2123132,4.0506,0.0233
2023-06-12,Harare,-17.8292,31.0522,52,3,2123132,2.4492,0.0577
2023-06-19,Harare,-17.8292,31.0522,95,5,2123132,4.4745,0.0526
2023-06-26,Harare,-17.8292,31.0522,50,2,2123132,2.355,0.04
2023-07-03,Harare,-17.8292,31.0522,59,2,2123132,2.7789,0.0339
2023-07-10,Harare,-17.8292,31.0522,21,0,2123132,0.9891,0.0
2023-07-17,Harare,-17.8292,31.0522,19,0,2123132,0.8949,0.0
2023-07-24,Harare,-17.8292,31.0522,62,2,2123132,2.9202,0.0323
2023-07-31,Harare,-17.8292,31.0522,26,1,2123132,1.2246,0.0385
2023-08-07,Harare,-17.8292,31.0522,89,3,2123132,4.1919,0.0337
2023-08-14,Harare,-17.8292,31.0522,36,0,2123132,1.6956,0.0
2023-08-21,Harare,-17.8292,31.0522,31,0,2123132,1.4601,0.0
2023-08-28,Harare,-17.8292,31.0522,33,0,2123132,1.5543,0.0
2023-09-04,Harare,-17.8292,31.0522,4,0,2123132,0.1884,0.0
2023-09-11,Harare,-17.8292,31.0522,16,0,2123132,0.7536,0.0
2023-09-18,Harare,-17.8292,31.0522,16,0,2123132,0.7536,0.0
2023-09-25,Harare,-17.8292,31.0522,21,0,2123132,0.9891,0.0
2023-10-02,Harare,-17.8292,31.0522,31,0,2123132,1.4601,0.0
2023-10-09,Harare,-17.8292,31.0522,22,0,2123132,1.0362,0.0
2023-10-16,Harare,-17.8292,31.0522,63,0,2123132,2.9673,0.0
2023-10-23,Harare,-17.8292,31.0522,13,0,2123132,0.6123,0.0
2023-10-30,Harare,-17.8292,31.0522,17,0,2123132,0.8007,0.0
2023-11-06,Harare,-17.8292,31.0522,45,0,2123132,2.1195,0.0
2023-11-13,Harare,-17.8292,31.0522,73,0,2123132,3.4383,0.0
2023-11-20,Harare,-17.8292,31.0522,82,1,2123132,3.8622,0.0122
2023-11-27,Harare,-17.8292,31.0522,77,0,2123132,3.6267,0.0
2023-12-04,Harare,-17.8292,31.0522,68,0,2123132,3.2028,0.0
2023-12-11,Harare,-17.8292,31.0522,42,0,2123132,1.9782,0.0
2023-12-18,Harare,-17.8292,31.0522,39,0,2123132,1.8369,0.0
2023-12-25,Harare,-17.8292,31.0522,41,2,2123132,1.9311,0.0488
2024-01-01,Harare,-17.8292,31.0522,13,1,2123132,0.6123,0.0769
2024-01-08,Harare,-17.8292,31.0522,19,0,2123132,0.8949,0.0
2024-01-15,Harare,-17.8292,31.0522,24,0,2123132,1.1304,0.0
2024-01-22,Harare,-17.8292,31.0522,31,0,2123132,1.4601,0.0
2024-01-29,Harare,-17.8292,31.0522,5,0,2123132,0.2355,0.0
2024-02-05,Harare,-17.8292,31.0522,10,0,2123132,0.471,0.0
2024-02-12,Harare,-17.8292,31.0522,7,0,2123132,0.3297,0.0
2024-02-19,Harare,-17.8292,31.0522,22,0,2123132,1.0362,0.0
2024-02-26,Harare,-17.8292,31.0522,36,0,2123132,1.6956,0.0
2024-03-04,Harare,-17.8292,31.0522,17,0,2123132,0.8007,0.0
2024-03-11,Harare,-17.8292,31.0522,31,0,2123132,1.4601,0.0
2024-03-18,Harare,-17.8292,31.0522,6,0,2123132,0.2826,0.0
2024-03-25,Harare,-17.8292,31.0522,34,0,2123132,1.6014,0.0
2024-04-01,Harare,-17.8292,31.0522,50,0,2123132,2.355,0.0
2024-04-08,Harare,-17.8292,31.0522,66,1,2123132,3.1086,0.0152
2024-04-15,Harare,-17.8292,31.0522,15,1,2123132,0.7065,0.0667
2024-04-22,Harare,-17.8292,31.0522,21,0,2123132,0.9891,0.0
2024-04-29,Harare,-17.8292,31.0522,27,0,2123132,1.2717,0.0
2024-05-06,Harare,-17.8292,31.0522,18,1,2123132,0.8478,0.0556
2024-05-13,Harare,-17.8292,31.0522,30,0,2123132,1.413,0.0
2024-05-20,Harare,-17.8292,31.0522,65,1,2123132,3.0615,0.0154
2024-05-27,Harare,-17.8292,31.0522,32,0,2123132,1.5072,0.0
2024-06-03,Harare,-17.8292,31.0522,21,0,2123132,0.9891,0.0
2024-06-10,Harare,-17.8292,31.0522,15,0,2123132,0.7065,0.0
2024-06-17,Harare,-17.8292,31.0522,30,0,2123132,1.413,0.0
2024-06-24,Harare,-17.8292,31.0522,6,0,2123132,0.2826,0.0
2024-07-01,Harare,-17.8292,31.0522,28,0,2123132,1.3188,0.0
2024-07-08,Harare,-17.8292,31.0522,11,0,2123132,0.5181,0.0
2024-07-15,Harare,-17.8292,31.0522,9,0,2123132,0.4239,0.0
2024-07-22,Harare,-17.8292,31.0522,20,0,2123132,0.942,0.0
2024-07-29,Harare,-17.8292,31.0522,18,1,2123132,0.8478,0.0556
2024-08-05,Harare,-17.8292,31.0522,7,0,2123132,0.3297,0.0
2024-08-12,Harare,-17.8292,31.0522,9,0,2123132,0.4239,0.0
2024-08-19,Harare,-17.8292,31.0522,6,0,2123132,0.2826,0.0
2024-08-26,Harare,-17.8292,31.0522,15,0,2123132,0.7065,0.0
2024-09-02,Harare,-17.8292,31.0522,27,0,2123132,1.2717,0.0
2024-09-09,Harare,-17.8292,31.0522,9,0,2123132,0.4239,0.0
2024-09-16,Harare,-17.8292,31.0522,38,0,2123132,1.7898,0.0
2024-09-23,Harare,-17.8292,31.0522,21,1,2123132,0.9891,0.0476
2024-09-30,Harare,-17.8292,31.0522,52,0,2123132,2.4492,0.0
2024-10-07,Harare,-17.8292,31.0522,54,0,2123132,2.5434,0.0
2024-10-14,Harare,-17.8292,31.0522,11,0,2123132,0.5181,0.0
2024-10-21,Harare,-17.8292,31.0522,15,0,2123132,0.7065,0.0
2024-10-28,Harare,-17.8292,31.0522,33,2,2123132,1.5543,0.0606
2024-11-04,Harare,-17.8292,31.0522,97,1,2123132,4.5687,0.0103
2024-11-11,Harare,-17.8292,31.0522,87,1,2123132,4.0977,0.0115
2024-11-18,Harare,-17.8292,31.0522,112,3,2123132,5.2752,0.0268
2024-11-25,Harare,-17.8292,31.0522,75,1,2123132,3.5325,0.0133
2024-12-02,Harare,-17.8292,31.0522,55,0,2123132,2.5905,0.0
2024-12-09,Harare,-17.8292,31.0522,65,0,2123132,3.0615,0.0
2024-12-16,Harare,-17.8292,31.0522,40,0,2123132,1.884,0.0
2024-12-23,Harare,-17.8292,31.0522,56,0,2123132,2.6376,0.0
2024-12-30,Harare,-17.8292,31.0522,45,1,2123132,2.1195,0.0222
2025-01-06,Harare,-17.8292,31.0522,44,0,2123132,2.0724,0.0
2025-01-13,Harare,-17.8292,31.0522,47,1,2123132,2.2137,0.0213
2025-01-20,Harare,-17.8292,31.0522,86,0,2123132,4.0506,0.0
2025-01-27,Harare,-17.8292,31.0522,39,0,2123132,1.8369,0.0
2025-02-03,Harare,-17.8292,31.0522,22,0,2123132,1.0362,0.0
2025-02-10,Harare,-17.8292,31.0522,16,0,2123132,0.7536,0.0
2025-02-17,Harare,-17.8292,31.0522,57,0,2123132,2.6847,0.0
2025-02-24,Harare,-17.8292,31.0522,9,0,2123132,0.4239,0.0
2025-03-03,Harare,-17.8292,31.0522,36,0,2123132,1.6956,0.0
2025-03-10,Harare,-17.8292,31.0522,49,0,2123132,2.3079,0.0
2025-03-17,Harare,-17.8292,31.0522,10,0,2123132,0.471,0.0
2025-03-24,Harare,-17.8292,31.0522,45,0,2123132,2.1195,0.0
2025-03-31,Harare,-17.8292,31.0522,51,0,2123132,2.4021,0.0
2025-04-07,Harare,-17.8292,31.0522,30,0,2123132,1.413,0.0
2025-04-14,Harare,-17.8292,31.0522,78,0,2123132,3.6738,0.0
2025-04-21,Harare,-17.8292,31.0522,26,0,2123132,1.2246,0.0
2025-04-28,Harare,-17.8292,31.0522,48,0,2123132,2.2608,0.0
2025-05-05,Harare,-17.8292,31.0522,18,0,2123132,0.8478,0.0
2025-05-12,Harare,-17.8292,31.0522,37,0,2123132,1.7427,0.0
2025-05-19,Harare,-17.8292,31.0522,22,0,2123132,1.0362,0.0
2025-05-26,Harare,-17.8292,31.0522,54,0,2123132,2.5434,0.0
2025-06-02,Harare,-17.8292,31.0522,10,0,2123132,0.471,0.0
2025-06-09,Harare,-17.8292,31.0522,15,0,2123132,0.7065,0.0
2025-06-16,Harare,-17.8292,31.0522,13,0,2123132,0.6123,0.0
2025-06-23,Harare,-17.8292,31.0522,4,0,2123132,0.1884,0.0
2025-06-30,Harare,-17.8292,31.0522,3,0,2123132,0.1413,0.0
2025-07-07,Harare,-17.8292,31.0522,2,0,2123132,0.0942,0.0
2025-07-14,Harare,-17.8292,31.0522,10,0,2123132,0.471,0.0
2025-07-21,Harare,-17.8292,31.0522,19,0,2123132,0.8949,0.0
2025-07-28,Harare,-17.8292,31.0522,17,0,2123132,0.8007,0.0
2025-08-04,Harare,-17.8292,31.0522,23,0,2123132,1.0833,0.0
2025-08-11,Harare,-17.8292,31.0522,8,0,2123132,0.3768,0.0
2025-08-18,Harare,-17.8292,31.0522,15,0,2123132,0.7065,0.0
2025-08-25,Harare,-17.8292,31.0522,32,0,2123132,1.5072,0.0
2025-09-01,Harare,-17.8292,31.0522,11,0,2123132,0.5181,0.0
2025-09-08,Harare,-17.8292,31.0522,24,0,2123132,1.1304,0.0
2025-09-15,Harare,-17.8292,31.0522,11,0,2123132,0.5181,0.0
2025-09-22,Harare,-17.8292,31.0522,8,0,2123132,0.3768,0.0
2025-09-29,Harare,-17.8292,31.0522,14,0,2123132,0.6594,0.0
2025-10-06,Harare,-17.8292,31.0522,53,0,2123132,2.4963,0.0
2025-10-13,Harare,-17.8292,31.0522,38,0,2123132,1.7898,0.0
2025-10-20,Harare,-17.8292,31.0522,65,0,2123132,3.0615,0.0
2025-10-27,Harare,-17.8292,31.0522,39,0,2123132,1.8369,0.0
2025-11-03,Harare,-17.8292,31.0522,50,0,2123132,2.355,0.0
2025-11-10,Harare,-17.8292,31.0522,65,0,2123132,3.0615,0.0
2025-11-17,Harare,-17.8292,31.0522,23,0,2123132,1.0833,0.0
2025-11-24,Harare,-17.8292,31.0522,37,0,2123132,1.7427,0.0
2025-12-01,Harare,-17.8292,31.0522,42,0,2123132,1.9782,0.0
2025-12-08,Harare,-17.8292,31.0522,12,0,2123132,0.5652,0.0
2025-12-15,Harare,-17.8292,31.0522,34,0,2123132,1.6014,0.0
2025-12-22,Harare,-17.8292,31.0522,61,0,2123132,2.8731,0.0
2025-12-29,Harare,-17.8292,31.0522,17,1,2123132,0.8007,0.0588
2018-01-01,Kadoma,-18.3333,29.9167,1,0,91688,1.0907,0.0
2018-01-08,Kadoma,-18.3333,29.9167,0,0,91688,0.0,0.0
2018-01-15,Kadoma,-18.3333,29.9167,0,0,91688,0.0,0.0
2018-01-22,Kadoma,-18.3333,29.9167,0,0,91688,0.0,0.0
2018-01-29,Kadoma,-18.3333,29.9167,0,0,91688,0.0,0.0
2018-02-05,Kadoma,-18.3333,29.9167,3,0,91688,3.272,0.0
2018-02-12,Kadoma,-18.3333,29.9167,1,0,91688,1.0907,0.0
2018-02-19,Kadoma,-18.3333,29.9167,1,0,91688,1.0907,0.0
2018-02-26,Kadoma,-18.3333,29.9167,2,0,91688,2.1813,0.0
2018-03-05,Kadoma,-18.3333,29.9167,1,0,91688,1.0907,0.0
2018-03-12,Kadoma,-18.3333,29.9167,1,0,91688,1.0907,0.0
2018-03-19,Kadoma,-18.3333,29.9167,0,0,91688,0.0,0.0
2018-03-26,Kadoma,-18.3333,29.9167,2,0,91688,2.1813,0.0
2018-04-02,Kadoma,-18.3333,29.9167,1,0,91688,1.0907,0.0
2018-04-09,Kadoma,-18.3333,29.9167,0,0,91688,0.0,0.0
2018-04-16,Kadoma,-18.3333,29.9167,1,0,91688,1.0907,0.0
2018-04-23,Kadoma,-18.3333,29.9167,2,0,91688,2.1813,0.0
2018-04-30,Kadoma,-18.3333,29.9167,8,0,91688,8.7252,0.0
2018-05-07,Kadoma,-18.3333,29.9167,7,0,91688,7.6346,0.0
2018-05-14,Kadoma,-18.3333,29.9167,2,0,91688,2.1813,0.0
2018-05-21,Kadoma,-18.3333,29.9167,0,0,91688,0.0,0.0
2018-05-28,Kadoma,-18.3333,29.9167,0,0,91688,0.0,0.0
2018-06-04,Kadoma,-18.3333,29.9167,1,0,91688,1.0907,0.0
2018-06-11,Kadoma,-18.3333,29.9167,0,0,91688,0.0,0.0
2018-06-18,Kadoma,-18.3333,29.9167,3,0,91688,3.272,0.0
2018-06-25,Kadoma,-18.3333,29.9167,0,0,91688,0.0,0.0
2018-07-02,Kadoma,-18.3333,29.9167,2,0,91688,2.1813,0.0
2018-07-09,Kadoma,-18.3333,29.9167,1,0,91688,1.0907,0.0
2018-07-16,Kadoma,-18.3333,29.9167,0,0,91688,0.0,0.0
2018-07-23,Kadoma,-18.3333,29.9167,2,0,91688,2.1813,0.0
2018-07-30,Kadoma,-18.3333,29.9167,2,0,91688,2.1813,0.0
2018-08-06,Kadoma,-18.3333,29.9167,0,0,91688,0.0,0.0
2018-08-13,Kadoma,-18.3333,29.9167,4,0,91688,4.3626,0.0
2018-08-20,Kadoma,-18.3333,29.9167,0,0,91688,0.0,0.0
2018-08-27,Kadoma,-18.3333,29.9167,0,0,91688,0.0,0.0
2018-09-03,Kadoma,-18.3333,29.9167,2,0,91688,2.1813,0.0
2018-09-10,Kadoma,-18.3333,29.9167,2,0,91688,2.1813,0.0
2018-09-17,Kadoma,-18.3333,29.9167,5,0,91688,5.4533,0.0
2018-09-24,Kadoma,-18.3333,29.9167,8,0,91688,8.7252,0.0
2018-10-01,Kadoma,-18.3333,29.9167,3,0,91688,3.272,0.0
2018-10-08,Kadoma,-18.3333,29.9167,4,0,91688,4.3626,0.0
2018-10-15,Kadoma,-18.3333,29.9167,7,0,91688,7.6346,0.0
2018-10-22,Kadoma,-18.3333,29.9167,7,1,91688,7.6346,0.1429
2018-10-29,Kadoma,-18.3333,29.9167,4,0,91688,4.3626,0.0
2018-11-05,Kadoma,-18.3333,29.9167,11,0,91688,11.9972,0.0
2018-11-12,Kadoma,-18.3333,29.9167,3,0,91688,3.272,0.0
2018-11-19,Kadoma,-18.3333,29.9167,20,1,91688,21.8131,0.05
2018-11-26,Kadoma,-18.3333,29.9167,2,0,91688,2.1813,0.0
2018-12-03,Kadoma,-18.3333,29.9167,6,0,91688,6.5439,0.0
2018-12-10,Kadoma,-18.3333,29.9167,4,0,91688,4.3626,0.0
2018-12-17,Kadoma,-18.3333,29.9167,1,0,91688,1.0907,0.0
2018-12-24,Kadoma,-18.3333,29.9167,5,0,91688,5.4533,0.0
2018-12-31,Kadoma,-18.3333,29.9167,5,0,91688,5.4533,0.0
2019-01-07,Kadoma,-18.3333,29.9167,1,0,91688,1.0907,0.0
2019-01-14,Kadoma,-18.3333,29.9167,3,0,91688,3.272,0.0
2019-01-21,Kadoma,-18.3333,29.9167,3,0,91688,3.272,0.0
2019-01-28,Kadoma,-18.3333,29.9167,3,0,91688,3.272,0.0
2019-02-04,Kadoma,-18.3333,29.9167,2,0,91688,2.1813,0.0
2019-02-11,Kadoma,-18.3333,29.9167,7,0,91688,7.6346,0.0
2019-02-18,Kadoma,-18.3333,29.9167,5,1,91688,5.4533,0.2
2019-02-25,Kadoma,-18.3333,29.9167,5,1,91688,5.4533,0.2
2019-03-04,Kadoma,-18.3333,29.9167,6,0,91688,6.5439,0.0
2019-03-11,Kadoma,-18.3333,29.9167,5,0,91688,5.4533,0.0
2019-03-18,Kadoma,-18.3333,29.9167,13,0,91688,14.1785,0.0
2019-03-25,Kadoma,-18.3333,29.9167,7,1,91688,7.6346,0.1429
2019-04-01,Kadoma,-18.3333,29.9167,3,0,91688,3.272,0.0
2019-04-08,Kadoma,-18.3333,29.9167,0,0,91688,0.0,0.0
2019-04-15,Kadoma,-18.3333,29.9167,9,0,91688,9.8159,0.0
2019-04-22,Kadoma,-18.3333,29.9167,10,0,91688,10.9066,0.0
2019-04-29,Kadoma,-18.3333,29.9167,8,0,91688,8.7252,0.0
2019-05-06,Kadoma,-18.3333,29.9167,11,0,91688,11.9972,0.0
2019-05-13,Kadoma,-18.3333,29.9167,6,0,91688,6.5439,0.0
2019-05-20,Kadoma,-18.3333,29.9167,5,0,91688,5.4533,0.0
2019-05-27,Kadoma,-18.3333,29.9167,8,0,91688,8.7252,0.0
2019-06-03,Kadoma,-18.3333,29.9167,4,0,91688,4.3626,0.0
2019-06-10,Kadoma,-18.3333,29.9167,7,0,91688,7.6346,0.0
2019-06-17,Kadoma,-18.3333,29.9167,6,0,91688,6.5439,0.0
2019-06-24,Kadoma,-18.3333,29.9167,3,0,91688,3.272,0.0
2019-07-01,Kadoma,-18.3333,29.9167,0,0,91688,0.0,0.0
2019-07-08,Kadoma,-18.3333,29.9167,4,0,91688,4.3626,0.0
2019-07-15,Kadoma,-18.3333,29.9167,0,0,91688,0.0,0.0
2019-07-22,Kadoma,-18.3333,29.9167,1,0,91688,1.0907,0.0
2019-07-29,Kadoma,-18.3333,29.9167,1,0,91688,1.0907,0.0
2019-08-05,Kadoma,-18.3333,29.9167,1,0,91688,1.0907,0.0
2019-08-12,Kadoma,-18.3333,29.9167,0,0,91688,0.0,0.0
2019-08-19,Kadoma,-18.3333,29.9167,1,0,91688,1.0907,0.0
2019-08-26,Kadoma,-18.3333,29.9167,0,0,91688,0.0,0.0
2019-09-02,Kadoma,-18.3333,29.9167,3,0,91688,3.272,0.0
2019-09-09,Kadoma,-18.3333,29.9167,0,0,91688,0.0,0.0
2019-09-16,Kadoma,-18.3333,29.9167,7,0,91688,7.6346,0.0
2019-09-23,Kadoma,-18.3333,29.9167,4,0,91688,4.3626,0.0
2019-09-30,Kadoma,-18.3333,29.9167,0,0,91688,0.0,0.0
2019-10-07,Kadoma,-18.3333,29.9167,3,0,91688,3.272,0.0
2019-10-14,Kadoma,-18.3333,29.9167,0,0,91688,0.0,0.0
2019-10-21,Kadoma,-18.3333,29.9167,3,0,91688,3.272,0.0
2019-10-28,Kadoma,-18.3333,29.9167,1,0,91688,1.0907,0.0
2019-11-04,Kadoma,-18.3333,29.9167,3,0,91688,3.272,0.0
2019-11-11,Kadoma,-18.3333,29.9167,1,0,91688,1.0907,0.0
2019-11-18,Kadoma,-18.3333,29.9167,1,0,91688,1.0907,0.0
2019-11-25,Kadoma,-18.3333,29.9167,3,0,91688,3.272,0.0
2019-12-02,Kadoma,-18.3333,29.9167,0,0,91688,0.0,0.0
2019-12-09,Kadoma,-18.3333,29.9167,1,0,91688,1.0907,0.0
2019-12-16,Kadoma,-18.3333,29.9167,4,0,91688,4.3626,0.0
2019-12-23,Kadoma,-18.3333,29.9167,2,0,91688,2.1813,0.0
2019-12-30,Kadoma,-18.3333,29.9167,1,0,91688,1.0907,0.0
2020-01-06,Kadoma,-18.3333,29.9167,3,0,91688,3.272,0.0
2020-01-13,Kadoma,-18.3333,29.9167,5,0,91688,5.4533,0.0
2020-01-20,Kadoma,-18.3333,29.9167,1,0,91688,1.0907,0.0
2020-01-27,Kadoma,-18.3333,29.9167,1,0,91688,1.0907,0.0
2020-02-03,Kadoma,-18.3333,29.9167,1,0,91688,1.0907,0.0
2020-02-10,Kadoma,-18.3333,29.9167,1,0,91688,1.0907,0.0
2020-02-17,Kadoma,-18.3333,29.9167,2,0,91688,2.1813,0.0
2020-02-24,Kadoma,-18.3333,29.9167,4,0,91688,4.3626,0.0
2020-03-02,Kadoma,-18.3333,29.9167,4,0,91688,4.3626,0.0
2020-03-09,Kadoma,-18.3333,29.9167,0,0,91688,0.0,0.0
2020-03-16,Kadoma,-18.3333,29.9167,2,0,91688,2.1813,0.0
2020-03-23,Kadoma,-18.3333,29.9167,3,0,91688,3.272,0.0
2020-03-30,Kadoma,-18.3333,29.9167,2,0,91688,2.1813,0.0
2020-04-06,Kadoma,-18.3333,29.9167,3,0,91688,3.272,0.0
2020-04-13,Kadoma,-18.3333,29.9167,5,0,91688,5.4533,0.0
2020-04-20,Kadoma,-18.3333,29.9167,6,0,91688,6.5439,0.0
2020-04-27,Kadoma,-18.3333,29.9167,0,0,91688,0.0,0.0
2020-05-04,Kadoma,-18.3333,29.9167,1,0,91688,1.0907,0.0
2020-05-11,Kadoma,-18.3333,29.9167,1,0,91688,1.0907,0.0
2020-05-18,Kadoma,-18.3333,29.9167,2,0,91688,2.1813,0.0
2020-05-25,Kadoma,-18.3333,29.9167,2,0,91688,2.1813,0.0
2020-06-01,Kadoma,-18.3333,29.9167,1,0,91688,1.0907,0.0
2020-06-08,Kadoma,-18.3333,29.9167,1,0,91688,1.0907,0.0
2020-06-15,Kadoma,-18.3333,29.9167,2,0,91688,2.1813,0.0
2020-06-22,Kadoma,-18.3333,29.9167,1,0,91688,1.0907,0.0
2020-06-29,Kadoma,-18.3333,29.9167,1,0,91688,1.0907,0.0
2020-07-06,Kadoma,-18.3333,29.9167,3,0,91688,3.272,0.0
2020-07-13,Kadoma,-18.3333,29.9167,2,0,91688,2.1813,0.0
2020-07-20,Kadoma,-18.3333,29.9167,0,0,91688,0.0,0.0
2020-07-27,Kadoma,-18.3333,29.9167,2,0,91688,2.1813,0.0
2020-08-03,Kadoma,-18.3333,29.9167,1,0,91688,1.0907,0.0
2020-08-10,Kadoma,-18.3333,29.9167,1,0,91688,1.0907,0.0
2020-08-17,Kadoma,-18.3333,29.9167,0,0,91688,0.0,0.0
2020-08-24,Kadoma,-18.3333,29.9167,0,0,91688,0.0,0.0
2020-08-31,Kadoma,-18.3333,29.9167,0,0,91688,0.0,0.0
2020-09-07,Kadoma,-18.3333,29.9167,1,0,91688,1.0907,0.0
2020-09-14,Kadoma,-18.3333,29.9167,1,0,91688,1.0907,0.0
2020-09-21,Kadoma,-18.3333,29.9167,1,0,91688,1.0907,0.0
2020-09-28,Kadoma,-18.3333,29.9167,1,0,91688,1.0907,0.0
2020-10-05,Kadoma,-18.3333,29.9167,3,0,91688,3.272,0.0
2020-10-12,Kadoma,-18.3333,29.9167,1,0,91688,1.0907,0.0
2020-10-19,Kadoma,-18.3333,29.9167,2,0,91688,2.1813,0.0
2020-10-26,Kadoma,-18.3333,29.9167,0,0,91688,0.0,0.0
2020-11-02,Kadoma,-18.3333,29.9167,0,0,91688,0.0,0.0
2020-11-09,Kadoma,-18.3333,29.9167,1,0,91688,1.0907,0.0
2020-11-16,Kadoma,-18.3333,29.9167,3,0,91688,3.272,0.0
2020-11-23,Kadoma,-18.3333,29.9167,3,0,91688,3.272,0.0
2020-11-30,Kadoma,-18.3333,29.9167,6,0,91688,6.5439,0.0
2020-12-07,Kadoma,-18.3333,29.9167,2,0,91688,2.1813,0.0
2020-12-14,Kadoma,-18.3333,29.9167,2,0,91688,2.1813,0.0
2020-12-21,Kadoma,-18.3333,29.9167,3,0,91688,3.272,0.0
2020-12-28,Kadoma,-18.3333,29.9167,3,0,91688,3.272,0.0
2021-01-04,Kadoma,-18.3333,29.9167,2,0,91688,2.1813,0.0
2021-01-11,Kadoma,-18.3333,29.9167,1,0,91688,1.0907,0.0
2021-01-18,Kadoma,-18.3333,29.9167,1,0,91688,1.0907,0.0
2021-01-25,Kadoma,-18.3333,29.9167,1,0,91688,1.0907,0.0
2021-02-01,Kadoma,-18.3333,29.9167,1,0,91688,1.0907,0.0
2021-02-08,Kadoma,-18.3333,29.9167,1,0,91688,1.0907,0.0
2021-02-15,Kadoma,-18.3333,29.9167,1,1,91688,1.0907,1.0
2021-02-22,Kadoma,-18.3333,29.9167,0,0,91688,0.0,0.0
2021-03-01,Kadoma,-18.3333,29.9167,0,0,91688,0.0,0.0
2021-03-08,Kadoma,-18.3333,29.9167,1,0,91688,1.0907,0.0
2021-03-15,Kadoma,-18.3333,29.9167,1,0,91688,1.0907,0.0
2021-03-22,Kadoma,-18.3333,29.9167,1,0,91688,1.0907,0.0
2021-03-29,Kadoma,-18.3333,29.9167,4,0,91688,4.3626,0.0
2021-04-05,Kadoma,-18.3333,29.9167,1,0,91688,1.0907,0.0
2021-04-12,Kadoma,-18.3333,29.9167,2,0,91688,2.1813,0.0
2021-04-19,Kadoma,-18.3333,29.9167,1,0,91688,1.0907,0.0
2021-04-26,Kadoma,-18.3333,29.9167,2,0,91688,2.1813,0.0
2021-05-03,Kadoma,-18.3333,29.9167,3,0,91688,3.272,0.0
2021-05-10,Kadoma,-18.3333,29.9167,2,0,91688,2.1813,0.0
2021-05-17,Kadoma,-18.3333,29.9167,3,0,91688,3.272,0.0
2021-05-24,Kadoma,-18.3333,29.9167,0,0,91688,0.0,0.0
2021-05-31,Kadoma,-18.3333,29.9167,1,0,91688,1.0907,0.0
2021-06-07,Kadoma,-18.3333,29.9167,1,0,91688,1.0907,0.0
2021-06-14,Kadoma,-18.3333,29.9167,3,0,91688,3.272,0.0
2021-06-21,Kadoma,-18.3333,29.9167,0,0,91688,0.0,0.0
2021-06-28,Kadoma,-18.3333,29.9167,2,0,91688,2.1813,0.0
2021-07-05,Kadoma,-18.3333,29.9167,0,0,91688,0.0,0.0
2021-07-12,Kadoma,-18.3333,29.9167,0,0,91688,0.0,0.0
2021-07-19,Kadoma,-18.3333,29.9167,1,0,91688,1.0907,0.0
2021-07-26,Kadoma,-18.3333,29.9167,1,0,91688,1.0907,0.0
2021-08-02,Kadoma,-18.3333,29.9167,1,0,91688,1.0907,0.0
2021-08-09,Kadoma,-18.3333,29.9167,0,0,91688,0.0,0.0
2021-08-16,Kadoma,-18.3333,29.9167,0,0,91688,0.0,0.0
2021-08-23,Kadoma,-18.3333,29.9167,1,0,91688,1.0907,0.0
2021-08-30,Kadoma,-18.3333,29.9167,0,0,91688,0.0,0.0
2021-09-06,Kadoma,-18.3333,29.9167,3,0,91688,3.272,0.0
2021-09-13,Kadoma,-18.3333,29.9167,1,0,91688,1.0907,0.0
2021-09-20,Kadoma,-18.3333,29.9167,2,0,91688,2.1813,0.0
2021-09-27,Kadoma,-18.3333,29.9167,0,0,91688,0.0,0.0
2021-10-04,Kadoma,-18.3333,29.9167,2,0,91688,2.1813,0.0
2021-10-11,Kadoma,-18.3333,29.9167,0,0,91688,0.0,0.0
2021-10-18,Kadoma,-18.3333,29.9167,2,0,91688,2.1813,0.0
2021-10-25,Kadoma,-18.3333,29.9167,1,0,91688,1.0907,0.0
2021-11-01,Kadoma,-18.3333,29.9167,4,0,91688,4.3626,0.0
2021-11-08,Kadoma,-18.3333,29.9167,7,0,91688,7.6346,0.0
2021-11-15,Kadoma,-18.3333,29.9167,4,0,91688,4.3626,0.0
2021-11-22,Kadoma,-18.3333,29.9167,8,1,91688,8.7252,0.125
2021-11-29,Kadoma,-18.3333,29.9167,0,0,91688,0.0,0.0
2021-12-06,Kadoma,-18.3333,29.9167,3,0,91688,3.272,0.0
2021-12-13,Kadoma,-18.3333,29.9167,2,0,91688,2.1813,0.0
2021-12-20,Kadoma,-18.3333,29.9167,0,0,91688,0.0,0.0
2021-12-27,Kadoma,-18.3333,29.9167,1,0,91688,1.0907,0.0
2022-01-03,Kadoma,-18.3333,29.9167,5,0,91688,5.4533,0.0
2022-01-10,Kadoma,-18.3333,29.9167,0,0,91688,0.0,0.0
2022-01-17,Kadoma,-18.3333,29.9167,1,0,91688,1.0907,0.0
2022-01-24,Kadoma,-18.3333,29.9167,1,0,91688,1.0907,0.0
2022-01-31,Kadoma,-18.3333,29.9167,2,0,91688,2.1813,0.0
2022-02-07,Kadoma,-18.3333,29.9167,5,0,91688,5.4533,0.0
2022-02-14,Kadoma,-18.3333,29.9167,4,0,91688,4.3626,0.0
2022-02-21,Kadoma,-18.3333,29.9167,1,0,91688,1.0907,0.0
2022-02-28,Kadoma,-18.3333,29.9167,1,0,91688,1.0907,0.0
2022-03-07,Kadoma,-18.3333,29.9167,2,0,91688,2.1813,0.0
2022-03-14,Kadoma,-18.3333,29.9167,4,0,91688,4.3626,0.0
2022-03-21,Kadoma,-18.3333,29.9167,7,0,91688,7.6346,0.0
2022-03-28,Kadoma,-18.3333,29.9167,3,0,91688,3.272,0.0
2022-04-04,Kadoma,-18.3333,29.9167,4,0,91688,4.3626,0.0
2022-04-11,Kadoma,-18.3333,29.9167,1,0,91688,1.0907,0.0
2022-04-18,Kadoma,-18.3333,29.9167,4,0,91688,4.3626,0.0
2022-04-25,Kadoma,-18.3333,29.9167,5,1,91688,5.4533,0.2
2022-05-02,Kadoma,-18.3333,29.9167,2,0,91688,2.1813,0.0
2022-05-09,Kadoma,-18.3333,29.9167,2,0,91688,2.1813,0.0
2022-05-16,Kadoma,-18.3333,29.9167,3,0,91688,3.272,0.0
2022-05-23,Kadoma,-18.3333,29.9167,2,0,91688,2.1813,0.0
2022-05-30,Kadoma,-18.3333,29.9167,1,0,91688,1.0907,0.0
2022-06-06,Kadoma,-18.3333,29.9167,0,0,91688,0.0,0.0
2022-06-13,Kadoma,-18.3333,29.9167,0,0,91688,0.0,0.0
2022-06-20,Kadoma,-18.3333,29.9167,0,0,91688,0.0,0.0
2022-06-27,Kadoma,-18.3333,29.9167,1,0,91688,1.0907,0.0
2022-07-04,Kadoma,-18.3333,29.9167,0,0,91688,0.0,0.0
2022-07-11,Kadoma,-18.3333,29.9167,0,0,91688,0.0,0.0
2022-07-18,Kadoma,-18.3333,29.9167,1,0,91688,1.0907,0.0
2022-07-25,Kadoma,-18.3333,29.9167,0,0,91688,0.0,0.0
2022-08-01,Kadoma,-18.3333,29.9167,0,0,91688,0.0,0.0
2022-08-08,Kadoma,-18.3333,29.9167,0,0,91688,0.0,0.0
2022-08-15,Kadoma,-18.3333,29.9167,1,0,91688,1.0907,0.0
2022-08-22,Kadoma,-18.3333,29.9167,1,0,91688,1.0907,0.0
2022-08-29,Kadoma,-18.3333,29.9167,1,0,91688,1.0907,0.0
2022-09-05,Kadoma,-18.3333,29.9167,2,0,91688,2.1813,0.0
2022-09-12,Kadoma,-18.3333,29.9167,0,0,91688,0.0,0.0
2022-09-19,Kadoma,-18.3333,29.9167,4,0,91688,4.3626,0.0
2022-09-26,Kadoma,-18.3333,29.9167,2,0,91688,2.1813,0.0
2022-10-03,Kadoma,-18.3333,29.9167,0,0,91688,0.0,0.0
2022-10-10,Kadoma,-18.3333,29.9167,0,0,91688,0.0,0.0
2022-10-17,Kadoma,-18.3333,29.9167,1,0,91688,1.0907,0.0
2022-10-24,Kadoma,-18.3333,29.9167,2,0,91688,2.1813,0.0
2022-10-31,Kadoma,-18.3333,29.9167,3,0,91688,3.272,0.0
2022-11-07,Kadoma,-18.3333,29.9167,6,0,91688,6.5439,0.0
2022-11-14,Kadoma,-18.3333,29.9167,1,0,91688,1.0907,0.0
2022-11-21,Kadoma,-18.3333,29.9167,0,0,91688,0.0,0.0
2022-11-28,Kadoma,-18.3333,29.9167,6,0,91688,6.5439,0.0
2022-12-05,Kadoma,-18.3333,29.9167,2,0,91688,2.1813,0.0
2022-12-12,Kadoma,-18.3333,29.9167,2,0,91688,2.1813,0.0
2022-12-19,Kadoma,-18.3333,29.9167,1,0,91688,1.0907,0.0
2022-12-26,Kadoma,-18.3333,29.9167,2,0,91688,2.1813,0.0
2023-01-02,Kadoma,-18.3333,29.9167,0,0,91688,0.0,0.0
2023-01-09,Kadoma,-18.3333,29.9167,1,0,91688,1.0907,0.0
2023-01-16,Kadoma,-18.3333,29.9167,0,0,91688,0.0,0.0
2023-01-23,Kadoma,-18.3333,29.9167,0,0,91688,0.0,0.0
2023-01-30,Kadoma,-18.3333,29.9167,0,0,91688,0.0,0.0
2023-02-06,Kadoma,-18.3333,29.9167,6,0,91688,6.5439,0.0
2023-02-13,Kadoma,-18.3333,29.9167,4,0,91688,4.3626,0.0
2023-02-20,Kadoma,-18.3333,29.9167,4,0,91688,4.3626,0.0
2023-02-27,Kadoma,-18.3333,29.9167,1,0,91688,1.0907,0.0
2023-03-06,Kadoma,-18.3333,29.9167,8,0,91688,8.7252,0.0
2023-03-13,Kadoma,-18.3333,29.9167,3,0,91688,3.272,0.0
2023-03-20,Kadoma,-18.3333,29.9167,10,0,91688,10.9066,0.0
2023-03-27,Kadoma,-18.3333,29.9167,2,0,91688,2.1813,0.0
2023-04-03,Kadoma,-18.3333,29.9167,0,0,91688,0.0,0.0
2023-04-10,Kadoma,-18.3333,29.9167,12,0,91688,13.0879,0.0
2023-04-17,Kadoma,-18.3333,29.9167,1,0,91688,1.0907,0.0
2023-04-24,Kadoma,-18.3333,29.9167,5,0,91688,5.4533,0.0
2023-05-01,Kadoma,-18.3333,29.9167,6,0,91688,6.5439,0.0
2023-05-08,Kadoma,-18.3333,29.9167,2,0,91688,2.1813,0.0
2023-05-15,Kadoma,-18.3333,29.9167,0,0,91688,0.0,0.0
2023-05-22,Kadoma,-18.3333,29.9167,4,0,91688,4.3626,0.0
2023-05-29,Kadoma,-18.3333,29.9167,4,0,91688,4.3626,0.0
2023-06-05,Kadoma,-18.3333,29.9167,2,0,91688,2.1813,0.0
2023-06-12,Kadoma,-18.3333,29.9167,7,0,91688,7.6346,0.0
2023-06-19,Kadoma,-18.3333,29.9167,2,0,91688,2.1813,0.0
2023-06-26,Kadoma,-18.3333,29.9167,8,0,91688,8.7252,0.0
2023-07-03,Kadoma,-18.3333,29.9167,4,0,91688,4.3626,0.0
2023-07-10,Kadoma,-18.3333,29.9167,2,0,91688,2.1813,0.0
2023-07-17,Kadoma,-18.3333,29.9167,1,0,91688,1.0907,0.0
2023-07-24,Kadoma,-18.3333,29.9167,3,0,91688,3.272,0.0
2023-07-31,Kadoma,-18.3333,29.9167,0,0,91688,0.0,0.0
2023-08-07,Kadoma,-18.3333,29.9167,4,0,91688,4.3626,0.0
2023-08-14,Kadoma,-18.3333,29.9167,1,0,91688,1.0907,0.0
2023-08-21,Kadoma,-18.3333,29.9167,0,0,91688,0.0,0.0
2023-08-28,Kadoma,-18.3333,29.9167,1,0,91688,1.0907,0.0
2023-09-04,Kadoma,-18.3333,29.9167,3,0,91688,3.272,0.0
2023-09-11,Kadoma,-18.3333,29.9167,0,0,91688,0.0,0.0
2023-09-18,Kadoma,-18.3333,29.9167,3,0,91688,3.272,0.0
2023-09-25,Kadoma,-18.3333,29.9167,0,0,91688,0.0,0.0
2023-10-02,Kadoma,-18.3333,29.9167,1,0,91688,1.0907,0.0
2023-10-09,Kadoma,-18.3333,29.9167,0,0,91688,0.0,0.0
2023-10-16,Kadoma,-18.3333,29.9167,1,0,91688,1.0907,0.0
2023-10-23,Kadoma,-18.3333,29.9167,2,0,91688,2.1813,0.0
2023-10-30,Kadoma,-18.3333,29.9167,5,0,91688,5.4533,0.0
2023-11-06,Kadoma,-18.3333,29.9167,4,0,91688,4.3626,0.0
2023-11-13,Kadoma,-18.3333,29.9167,3,0,91688,3.272,0.0
2023-11-20,Kadoma,-18.3333,29.9167,3,0,91688,3.272,0.0
2023-11-27,Kadoma,-18.3333,29.9167,4,0,91688,4.3626,0.0
2023-12-04,Kadoma,-18.3333,29.9167,2,0,91688,2.1813,0.0
2023-12-11,Kadoma,-18.3333,29.9167,1,0,91688,1.0907,0.0
2023-12-18,Kadoma,-18.3333,29.9167,3,0,91688,3.272,0.0
2023-12-25,Kadoma,-18.3333,29.9167,1,0,91688,1.0907,0.0
2024-01-01,Kadoma,-18.3333,29.9167,0,0,91688,0.0,0.0
2024-01-08,Kadoma,-18.3333,29.9167,0,0,91688,0.0,0.0
2024-01-15,Kadoma,-18.3333,29.9167,3,0,91688,3.272,0.0
2024-01-22,Kadoma,-18.3333,29.9167,0,0,91688,0.0,0.0
2024-01-29,Kadoma,-18.3333,29.9167,2,0,91688,2.1813,0.0
2024-02-05,Kadoma,-18.3333,29.9167,2,0,91688,2.1813,0.0
2024-02-12,Kadoma,-18.3333,29.9167,0,0,91688,0.0,0.0
2024-02-19,Kadoma,-18.3333,29.9167,1,0,91688,1.0907,0.0
2024-02-26,Kadoma,-18.3333,29.9167,0,0,91688,0.0,0.0
2024-03-04,Kadoma,-18.3333,29.9167,2,0,91688,2.1813,0.0
2024-03-11,Kadoma,-18.3333,29.9167,3,0,91688,3.272,0.0
2024-03-18,Kadoma,-18.3333,29.9167,0,0,91688,0.0,0.0
2024-03-25,Kadoma,-18.3333,29.9167,0,0,91688,0.0,0.0
2024-04-01,Kadoma,-18.3333,29.9167,2,0,91688,2.1813,0.0
2024-04-08,Kadoma,-18.3333,29.9167,3,0,91688,3.272,0.0
2024-04-15,Kadoma,-18.3333,29.9167,6,0,91688,6.5439,0.0
2024-04-22,Kadoma,-18.3333,29.9167,3,0,91688,3.272,0.0
2024-04-29,Kadoma,-18.3333,29.9167,1,0,91688,1.0907,0.0
2024-05-06,Kadoma,-18.3333,29.9167,0,0,91688,0.0,0.0
2024-05-13,Kadoma,-18.3333,29.9167,0,0,91688,0.0,0.0
2024-05-20,Kadoma,-18.3333,29.9167,0,0,91688,0.0,0.0
2024-05-27,Kadoma,-18.3333,29.9167,0,0,91688,0.0,0.0
2024-06-03,Kadoma,-18.3333,29.9167,2,0,91688,2.1813,0.0
2024-06-10,Kadoma,-18.3333,29.9167,2,0,91688,2.1813,0.0
2024-06-17,Kadoma,-18.3333,29.9167,0,0,91688,0.0,0.0
2024-06-24,Kadoma,-18.3333,29.9167,0,0,91688,0.0,0.0
2024-07-01,Kadoma,-18.3333,29.9167,1,0,91688,1.0907,0.0
2024-07-08,Kadoma,-18.3333,29.9167,0,0,91688,0.0,0.0
2024-07-15,Kadoma,-18.3333,29.9167,1,0,91688,1.0907,0.0
2024-07-22,Kadoma,-18.3333,29.9167,1,0,91688,1.0907,0.0
2024-07-29,Kadoma,-18.3333,29.9167,3,0,91688,3.272,0.0
2024-08-05,Kadoma,-18.3333,29.9167,1,0,91688,1.0907,0.0
2024-08-12,Kadoma,-18.3333,29.9167,0,0,91688,0.0,0.0
2024-08-19,Kadoma,-18.3333,29.9167,3,0,91688,3.272,0.0
2024-08-26,Kadoma,-18.3333,29.9167,1,0,91688,1.0907,0.0
2024-09-02,Kadoma,-18.3333,29.9167,1,0,91688,1.0907,0.0
2024-09-09,Kadoma,-18.3333,29.9167,1,0,91688,1.0907,0.0
2024-09-16,Kadoma,-18.3333,29.9167,0,0,91688,0.0,0.0
2024-09-23,Kadoma,-18.3333,29.9167,2,0,91688,2.1813,0.0
2024-09-30,Kadoma,-18.3333,29.9167,1,0,91688,1.0907,0.0
2024-10-07,Kadoma,-18.3333,29.9167,1,0,91688,1.0907,0.0
2024-10-14,Kadoma,-18.3333,29.9167,2,0,91688,2.1813,0.0
2024-10-21,Kadoma,-18.3333,29.9167,2,0,91688,2.1813,0.0
2024-10-28,Kadoma,-18.3333,29.9167,0,0,91688,0.0,0.0
2024-11-04,Kadoma,-18.3333,29.9167,3,0,91688,3.272,0.0
2024-11-11,Kadoma,-18.3333,29.9167,2,0,91688,2.1813,0.0
2024-11-18,Kadoma,-18.3333,29.9167,4,0,91688,4.3626,0.0
2024-11-25,Kadoma,-18.3333,29.9167,0,0,91688,0.0,0.0
2024-12-02,Kadoma,-18.3333,29.9167,3,0,91688,3.272,0.0
2024-12-09,Kadoma,-18.3333,29.9167,2,0,91688,2.1813,0.0
2024-12-16,Kadoma,-18.3333,29.9167,7,0,91688,7.6346,0.0
2024-12-23,Kadoma,-18.3333,29.9167,1,0,91688,1.0907,0.0
2024-12-30,Kadoma,-18.3333,29.9167,0,0,91688,0.0,0.0
2025-01-06,Kadoma,-18.3333,29.9167,4,0,91688,4.3626,0.0
2025-01-13,Kadoma,-18.3333,29.9167,0,0,91688,0.0,0.0
2025-01-20,Kadoma,-18.3333,29.9167,1,0,91688,1.0907,0.0
2025-01-27,Kadoma,-18.3333,29.9167,0,0,91688,0.0,0.0
2025-02-03,Kadoma,-18.3333,29.9167,3,0,91688,3.272,0.0
2025-02-10,Kadoma,-18.3333,29.9167,4,0,91688,4.3626,0.0
2025-02-17,Kadoma,-18.3333,29.9167,1,0,91688,1.0907,0.0
2025-02-24,Kadoma,-18.3333,29.9167,1,0,91688,1.0907,0.0
2025-03-03,Kadoma,-18.3333,29.9167,0,0,91688,0.0,0.0
2025-03-10,Kadoma,-18.3333,29.9167,1,0,91688,1.0907,0.0
2025-03-17,Kadoma,-18.3333,29.9167,0,0,91688,0.0,0.0
2025-03-24,Kadoma,-18.3333,29.9167,2,0,91688,2.1813,0.0
2025-03-31,Kadoma,-18.3333,29.9167,2,0,91688,2.1813,0.0
2025-04-07,Kadoma,-18.3333,29.9167,3,0,91688,3.272,0.0
2025-04-14,Kadoma,-18.3333,29.9167,0,0,91688,0.0,0.0
2025-04-21,Kadoma,-18.3333,29.9167,4,0,91688,4.3626,0.0
2025-04-28,Kadoma,-18.3333,29.9167,3,0,91688,3.272,0.0
2025-05-05,Kadoma,-18.3333,29.9167,1,0,91688,1.0907,0.0
2025-05-12,Kadoma,-18.3333,29.9167,8,0,91688,8.7252,0.0
2025-05-19,Kadoma,-18.3333,29.9167,2,0,91688,2.1813,0.0
2025-05-26,Kadoma,-18.3333,29.9167,3,0,91688,3.272,0.0
2025-06-02,Kadoma,-18.3333,29.9167,4,0,91688,4.3626,0.0
2025-06-09,Kadoma,-18.3333,29.9167,3,0,91688,3.272,0.0
2025-06-16,Kadoma,-18.3333,29.9167,3,0,91688,3.272,0.0
2025-06-23,Kadoma,-18.3333,29.9167,0,0,91688,0.0,0.0
2025-06-30,Kadoma,-18.3333,29.9167,0,0,91688,0.0,0.0
2025-07-07,Kadoma,-18.3333,29.9167,0,0,91688,0.0,0.0
2025-07-14,Kadoma,-18.3333,29.9167,0,0,91688,0.0,0.0
2025-07-21,Kadoma,-18.3333,29.9167,0,0,91688,0.0,0.0
2025-07-28,Kadoma,-18.3333,29.9167,0,0,91688,0.0,0.0
2025-08-04,Kadoma,-18.3333,29.9167,2,0,91688,2.1813,0.0
2025-08-11,Kadoma,-18.3333,29.9167,1,0,91688,1.0907,0.0
2025-08-18,Kadoma,-18.3333,29.9167,0,0,91688,0.0,0.0
2025-08-25,Kadoma,-18.3333,29.9167,0,0,91688,0.0,0.0
2025-09-01,Kadoma,-18.3333,29.9167,1,0,91688,1.0907,0.0
2025-09-08,Kadoma,-18.3333,29.9167,0,0,91688,0.0,0.0
2025-09-15,Kadoma,-18.3333,29.9167,3,0,91688,3.272,0.0
2025-09-22,Kadoma,-18.3333,29.9167,3,0,91688,3.272,0.0
2025-09-29,Kadoma,-18.3333,29.9167,2,0,91688,2.1813,0.0
2025-10-06,Kadoma,-18.3333,29.9167,1,0,91688,1.0907,0.0
2025-10-13,Kadoma,-18.3333,29.9167,1,0,91688,1.0907,0.0
2025-10-20,Kadoma,-18.3333,29.9167,4,0,91688,4.3626,0.0
2025-10-27,Kadoma,-18.3333,29.9167,2,0,91688,2.1813,0.0
2025-11-03,Kadoma,-18.3333,29.9167,2,0,91688,2.1813,0.0
2025-11-10,Kadoma,-18.3333,29.9167,3,0,91688,3.272,0.0
2025-11-17,Kadoma,-18.3333,29.9167,1,0,91688,1.0907,0.0
2025-11-24,Kadoma,-18.3333,29.9167,4,0,91688,4.3626,0.0
2025-12-01,Kadoma,-18.3333,29.9167,0,0,91688,0.0,0.0
2025-12-08,Kadoma,-18.3333,29.9167,4,0,91688,4.3626,0.0
2025-12-15,Kadoma,-18.3333,29.9167,3,0,91688,3.272,0.0
2025-12-22,Kadoma,-18.3333,29.9167,3,0,91688,3.272,0.0
2025-12-29,Kadoma,-18.3333,29.9167,1,0,91688,1.0907,0.0
2018-01-01,Kwekwe,-18.9281,29.8147,2,0,99146,2.0172,0.0
2018-01-08,Kwekwe,-18.9281,29.8147,4,0,99146,4.0345,0.0
2018-01-15,Kwekwe,-18.9281,29.8147,3,0,99146,3.0258,0.0
2018-01-22,Kwekwe,-18.9281,29.8147,0,0,99146,0.0,0.0
2018-01-29,Kwekwe,-18.9281,29.8147,0,0,99146,0.0,0.0
2018-02-05,Kwekwe,-18.9281,29.8147,1,0,99146,1.0086,0.0
2018-02-12,Kwekwe,-18.9281,29.8147,0,0,99146,0.0,0.0
2018-02-19,Kwekwe,-18.9281,29.8147,3,0,99146,3.0258,0.0
2018-02-26,Kwekwe,-18.9281,29.8147,3,0,99146,3.0258,0.0
2018-03-05,Kwekwe,-18.9281,29.8147,0,0,99146,0.0,0.0
2018-03-12,Kwekwe,-18.9281,29.8147,2,0,99146,2.0172,0.0
2018-03-19,Kwekwe,-18.9281,29.8147,0,0,99146,0.0,0.0
2018-03-26,Kwekwe,-18.9281,29.8147,2,0,99146,2.0172,0.0
2018-04-02,Kwekwe,-18.9281,29.8147,3,0,99146,3.0258,0.0
2018-04-09,Kwekwe,-18.9281,29.8147,2,0,99146,2.0172,0.0
2018-04-16,Kwekwe,-18.9281,29.8147,4,0,99146,4.0345,0.0
2018-04-23,Kwekwe,-18.9281,29.8147,0,0,99146,0.0,0.0
2018-04-30,Kwekwe,-18.9281,29.8147,3,0,99146,3.0258,0.0
2018-05-07,Kwekwe,-18.9281,29.8147,0,0,99146,0.0,0.0
2018-05-14,Kwekwe,-18.9281,29.8147,2,0,99146,2.0172,0.0
2018-05-21,Kwekwe,-18.9281,29.8147,4,0,99146,4.0345,0.0
2018-05-28,Kwekwe,-18.9281,29.8147,0,0,99146,0.0,0.0
2018-06-04,Kwekwe,-18.9281,29.8147,2,0,99146,2.0172,0.0
2018-06-11,Kwekwe,-18.9281,29.8147,2,0,99146,2.0172,0.0
2018-06-18,Kwekwe,-18.9281,29.8147,2,0,99146,2.0172,0.0
2018-06-25,Kwekwe,-18.9281,29.8147,2,0,99146,2.0172,0.0
2018-07-02,Kwekwe,-18.9281,29.8147,1,0,99146,1.0086,0.0
2018-07-09,Kwekwe,-18.9281,29.8147,0,0,99146,0.0,0.0
2018-07-16,Kwekwe,-18.9281,29.8147,0,0,99146,0.0,0.0
2018-07-23,Kwekwe,-18.9281,29.8147,1,0,99146,1.0086,0.0
2018-07-30,Kwekwe,-18.9281,29.8147,0,0,99146,0.0,0.0
2018-08-06,Kwekwe,-18.9281,29.8147,0,0,99146,0.0,0.0
2018-08-13,Kwekwe,-18.9281,29.8147,3,0,99146,3.0258,0.0
2018-08-20,Kwekwe,-18.9281,29.8147,0,0,99146,0.0,0.0
2018-08-27,Kwekwe,-18.9281,29.8147,1,0,99146,1.0086,0.0
2018-09-03,Kwekwe,-18.9281,29.8147,1,0,99146,1.0086,0.0
2018-09-10,Kwekwe,-18.9281,29.8147,2,0,99146,2.0172,0.0
2018-09-17,Kwekwe,-18.9281,29.8147,4,0,99146,4.0345,0.0
2018-09-24,Kwekwe,-18.9281,29.8147,2,0,99146,2.0172,0.0
2018-10-01,Kwekwe,-18.9281,29.8147,9,0,99146,9.0775,0.0
2018-10-08,Kwekwe,-18.9281,29.8147,7,1,99146,7.0603,0.1429
2018-10-15,Kwekwe,-18.9281,29.8147,7,0,99146,7.0603,0.0
2018-10-22,Kwekwe,-18.9281,29.8147,7,0,99146,7.0603,0.0
2018-10-29,Kwekwe,-18.9281,29.8147,0,0,99146,0.0,0.0
2018-11-05,Kwekwe,-18.9281,29.8147,5,0,99146,5.0431,0.0
2018-11-12,Kwekwe,-18.9281,29.8147,22,2,99146,22.1895,0.0909
2018-11-19,Kwekwe,-18.9281,29.8147,6,0,99146,6.0517,0.0
2018-11-26,Kwekwe,-18.9281,29.8147,3,1,99146,3.0258,0.3333
2018-12-03,Kwekwe,-18.9281,29.8147,13,0,99146,13.112,0.0
2018-12-10,Kwekwe,-18.9281,29.8147,3,0,99146,3.0258,0.0
2018-12-17,Kwekwe,-18.9281,29.8147,2,0,99146,2.0172,0.0
2018-12-24,Kwekwe,-18.9281,29.8147,2,0,99146,2.0172,0.0
2018-12-31,Kwekwe,-18.9281,29.8147,4,0,99146,4.0345,0.0
2019-01-07,Kwekwe,-18.9281,29.8147,2,0,99146,2.0172,0.0
2019-01-14,Kwekwe,-18.9281,29.8147,2,0,99146,2.0172,0.0
2019-01-21,Kwekwe,-18.9281,29.8147,10,1,99146,10.0861,0.1
2019-01-28,Kwekwe,-18.9281,29.8147,2,0,99146,2.0172,0.0
2019-02-04,Kwekwe,-18.9281,29.8147,5,0,99146,5.0431,0.0
2019-02-11,Kwekwe,-18.9281,29.8147,1,0,99146,1.0086,0.0
2019-02-18,Kwekwe,-18.9281,29.8147,4,1,99146,4.0345,0.25
2019-02-25,Kwekwe,-18.9281,29.8147,3,0,99146,3.0258,0.0
2019-03-04,Kwekwe,-18.9281,29.8147,1,0,99146,1.0086,0.0
2019-03-11,Kwekwe,-18.9281,29.8147,2,0,99146,2.0172,0.0
2019-03-18,Kwekwe,-18.9281,29.8147,0,0,99146,0.0,0.0
2019-03-25,Kwekwe,-18.9281,29.8147,6,0,99146,6.0517,0.0
2019-04-01,Kwekwe,-18.9281,29.8147,8,1,99146,8.0689,0.125
2019-04-08,Kwekwe,-18.9281,29.8147,17,0,99146,17.1464,0.0
2019-04-15,Kwekwe,-18.9281,29.8147,4,0,99146,4.0345,0.0
2019-04-22,Kwekwe,-18.9281,29.8147,4,0,99146,4.0345,0.0
2019-04-29,Kwekwe,-18.9281,29.8147,3,0,99146,3.0258,0.0
2019-05-06,Kwekwe,-18.9281,29.8147,6,0,99146,6.0517,0.0
2019-05-13,Kwekwe,-18.9281,29.8147,13,0,99146,13.112,0.0
2019-05-20,Kwekwe,-18.9281,29.8147,10,0,99146,10.0861,0.0
2019-05-27,Kwekwe,-18.9281,29.8147,9,0,99146,9.0775,0.0
2019-06-03,Kwekwe,-18.9281,29.8147,7,0,99146,7.0603,0.0
2019-06-10,Kwekwe,-18.9281,29.8147,2,0,99146,2.0172,0.0
2019-06-17,Kwekwe,-18.9281,29.8147,7,1,99146,7.0603,0.1429
2019-06-24,Kwekwe,-18.9281,29.8147,4,0,99146,4.0345,0.0
2019-07-01,Kwekwe,-18.9281,29.8147,1,0,99146,1.0086,0.0
2019-07-08,Kwekwe,-18.9281,29.8147,3,0,99146,3.0258,0.0
2019-07-15,Kwekwe,-18.9281,29.8147,1,0,99146,1.0086,0.0
2019-07-22,Kwekwe,-18.9281,29.8147,3,0,99146,3.0258,0.0
2019-07-29,Kwekwe,-18.9281,29.8147,1,0,99146,1.0086,0.0
2019-08-05,Kwekwe,-18.9281,29.8147,2,1,99146,2.0172,0.5
2019-08-12,Kwekwe,-18.9281,29.8147,0,0,99146,0.0,0.0
2019-08-19,Kwekwe,-18.9281,29.8147,0,0,99146,0.0,0.0
2019-08-26,Kwekwe,-18.9281,29.8147,1,0,99146,1.0086,0.0
2019-09-02,Kwekwe,-18.9281,29.8147,1,0,99146,1.0086,0.0
2019-09-09,Kwekwe,-18.9281,29.8147,0,0,99146,0.0,0.0
2019-09-16,Kwekwe,-18.9281,29.8147,2,0,99146,2.0172,0.0
2019-09-23,Kwekwe,-18.9281,29.8147,1,0,99146,1.0086,0.0
2019-09-30,Kwekwe,-18.9281,29.8147,1,0,99146,1.0086,0.0
2019-10-07,Kwekwe,-18.9281,29.8147,3,0,99146,3.0258,0.0
2019-10-14,Kwekwe,-18.9281,29.8147,1,0,99146,1.0086,0.0
2019-10-21,Kwekwe,-18.9281,29.8147,3,0,99146,3.0258,0.0
2019-10-28,Kwekwe,-18.9281,29.8147,4,0,99146,4.0345,0.0
2019-11-04,Kwekwe,-18.9281,29.8147,2,0,99146,2.0172,0.0
2019-11-11,Kwekwe,-18.9281,29.8147,2,0,99146,2.0172,0.0
2019-11-18,Kwekwe,-18.9281,29.8147,1,0,99146,1.0086,0.0
2019-11-25,Kwekwe,-18.9281,29.8147,1,0,99146,1.0086,0.0
2019-12-02,Kwekwe,-18.9281,29.8147,1,0,99146,1.0086,0.0
2019-12-09,Kwekwe,-18.9281,29.8147,3,0,99146,3.0258,0.0
2019-12-16,Kwekwe,-18.9281,29.8147,2,0,99146,2.0172,0.0
2019-12-23,Kwekwe,-18.9281,29.8147,1,0,99146,1.0086,0.0
2019-12-30,Kwekwe,-18.9281,29.8147,2,0,99146,2.0172,0.0
2020-01-06,Kwekwe,-18.9281,29.8147,5,0,99146,5.0431,0.0
2020-01-13,Kwekwe,-18.9281,29.8147,1,0,99146,1.0086,0.0
2020-01-20,Kwekwe,-18.9281,29.8147,3,0,99146,3.0258,0.0
2020-01-27,Kwekwe,-18.9281,29.8147,2,0,99146,2.0172,0.0
2020-02-03,Kwekwe,-18.9281,29.8147,2,0,99146,2.0172,0.0
2020-02-10,Kwekwe,-18.9281,29.8147,1,0,99146,1.0086,0.0
2020-02-17,Kwekwe,-18.9281,29.8147,1,0,99146,1.0086,0.0
2020-02-24,Kwekwe,-18.9281,29.8147,3,0,99146,3.0258,0.0
2020-03-02,Kwekwe,-18.9281,29.8147,2,0,99146,2.0172,0.0
2020-03-09,Kwekwe,-18.9281,29.8147,2,0,99146,2.0172,0.0
2020-03-16,Kwekwe,-18.9281,29.8147,1,0,99146,1.0086,0.0
2020-03-23,Kwekwe,-18.9281,29.8147,4,0,99146,4.0345,0.0
2020-03-30,Kwekwe,-18.9281,29.8147,2,0,99146,2.0172,0.0
2020-04-06,Kwekwe,-18.9281,29.8147,5,0,99146,5.0431,0.0
2020-04-13,Kwekwe,-18.9281,29.8147,1,1,99146,1.0086,1.0
2020-04-20,Kwekwe,-18.9281,29.8147,8,0,99146,8.0689,0.0
2020-04-27,Kwekwe,-18.9281,29.8147,6,0,99146,6.0517,0.0
2020-05-04,Kwekwe,-18.9281,29.8147,1,0,99146,1.0086,0.0
2020-05-11,Kwekwe,-18.9281,29.8147,1,0,99146,1.0086,0.0
2020-05-18,Kwekwe,-18.9281,29.8147,3,0,99146,3.0258,0.0
2020-05-25,Kwekwe,-18.9281,29.8147,1,0,99146,1.0086,0.0
2020-06-01,Kwekwe,-18.9281,29.8147,1,0,99146,1.0086,0.0
2020-06-08,Kwekwe,-18.9281,29.8147,3,0,99146,3.0258,0.0
2020-06-15,Kwekwe,-18.9281,29.8147,0,0,99146,0.0,0.0
2020-06-22,Kwekwe,-18.9281,29.8147,3,0,99146,3.0258,0.0
2020-06-29,Kwekwe,-18.9281,29.8147,2,0,99146,2.0172,0.0
2020-07-06,Kwekwe,-18.9281,29.8147,1,0,99146,1.0086,0.0
2020-07-13,Kwekwe,-18.9281,29.8147,1,0,99146,1.0086,0.0
2020-07-20,Kwekwe,-18.9281,29.8147,1,0,99146,1.0086,0.0
2020-07-27,Kwekwe,-18.9281,29.8147,2,0,99146,2.0172,0.0
2020-08-03,Kwekwe,-18.9281,29.8147,0,0,99146,0.0,0.0
2020-08-10,Kwekwe,-18.9281,29.8147,2,0,99146,2.0172,0.0
2020-08-17,Kwekwe,-18.9281,29.8147,3,0,99146,3.0258,0.0
2020-08-24,Kwekwe,-18.9281,29.8147,0,0,99146,0.0,0.0
2020-08-31,Kwekwe,-18.9281,29.8147,0,0,99146,0.0,0.0
2020-09-07,Kwekwe,-18.9281,29.8147,1,0,99146,1.0086,0.0
2020-09-14,Kwekwe,-18.9281,29.8147,1,0,99146,1.0086,0.0
2020-09-21,Kwekwe,-18.9281,29.8147,1,0,99146,1.0086,0.0
2020-09-28,Kwekwe,-18.9281,29.8147,1,0,99146,1.0086,0.0
2020-10-05,Kwekwe,-18.9281,29.8147,2,0,99146,2.0172,0.0
2020-10-12,Kwekwe,-18.9281,29.8147,2,0,99146,2.0172,0.0
2020-10-19,Kwekwe,-18.9281,29.8147,3,0,99146,3.0258,0.0
2020-10-26,Kwekwe,-18.9281,29.8147,2,0,99146,2.0172,0.0
2020-11-02,Kwekwe,-18.9281,29.8147,3,0,99146,3.0258,0.0
2020-11-09,Kwekwe,-18.9281,29.8147,3,0,99146,3.0258,0.0
2020-11-16,Kwekwe,-18.9281,29.8147,5,0,99146,5.0431,0.0
2020-11-23,Kwekwe,-18.9281,29.8147,3,0,99146,3.0258,0.0
2020-11-30,Kwekwe,-18.9281,29.8147,1,0,99146,1.0086,0.0
2020-12-07,Kwekwe,-18.9281,29.8147,1,0,99146,1.0086,0.0
2020-12-14,Kwekwe,-18.9281,29.8147,1,0,99146,1.0086,0.0
2020-12-21,Kwekwe,-18.9281,29.8147,3,0,99146,3.0258,0.0
2020-12-28,Kwekwe,-18.9281,29.8147,1,0,99146,1.0086,0.0
2021-01-04,Kwekwe,-18.9281,29.8147,4,0,99146,4.0345,0.0
2021-01-11,Kwekwe,-18.9281,29.8147,1,0,99146,1.0086,0.0
2021-01-18,Kwekwe,-18.9281,29.8147,1,0,99146,1.0086,0.0
2021-01-25,Kwekwe,-18.9281,29.8147,8,0,99146,8.0689,0.0
2021-02-01,Kwekwe,-18.9281,29.8147,0,0,99146,0.0,0.0
2021-02-08,Kwekwe,-18.9281,29.8147,0,0,99146,0.0,0.0
2021-02-15,Kwekwe,-18.9281,29.8147,0,0,99146,0.0,0.0
2021-02-22,Kwekwe,-18.9281,29.8147,1,0,99146,1.0086,0.0
2021-03-01,Kwekwe,-18.9281,29.8147,3,0,99146,3.0258,0.0
2021-03-08,Kwekwe,-18.9281,29.8147,3,0,99146,3.0258,0.0
2021-03-15,Kwekwe,-18.9281,29.8147,0,0,99146,0.0,0.0
2021-03-22,Kwekwe,-18.9281,29.8147,2,0,99146,2.0172,0.0
2021-03-29,Kwekwe,-18.9281,29.8147,2,0,99146,2.0172,0.0
2021-04-05,Kwekwe,-18.9281,29.8147,1,0,99146,1.0086,0.0
2021-04-12,Kwekwe,-18.9281,29.8147,2,0,99146,2.0172,0.0
2021-04-19,Kwekwe,-18.9281,29.8147,2,0,99146,2.0172,0.0
2021-04-26,Kwekwe,-18.9281,29.8147,1,0,99146,1.0086,0.0
2021-05-03,Kwekwe,-18.9281,29.8147,3,0,99146,3.0258,0.0
2021-05-10,Kwekwe,-18.9281,29.8147,6,0,99146,6.0517,0.0
2021-05-17,Kwekwe,-18.9281,29.8147,2,0,99146,2.0172,0.0
2021-05-24,Kwekwe,-18.9281,29.8147,1,0,99146,1.0086,0.0
2021-05-31,Kwekwe,-18.9281,29.8147,1,0,99146,1.0086,0.0
2021-06-07,Kwekwe,-18.9281,29.8147,2,0,99146,2.0172,0.0
2021-06-14,Kwekwe,-18.9281,29.8147,0,0,99146,0.0,0.0
2021-06-21,Kwekwe,-18.9281,29.8147,0,0,99146,0.0,0.0
2021-06-28,Kwekwe,-18.9281,29.8147,0,0,99146,0.0,0.0
2021-07-05,Kwekwe,-18.9281,29.8147,0,0,99146,0.0,0.0
2021-07-12,Kwekwe,-18.9281,29.8147,1,0,99146,1.0086,0.0
2021-07-19,Kwekwe,-18.9281,29.8147,1,0,99146,1.0086,0.0
2021-07-26,Kwekwe,-18.9281,29.8147,0,0,99146,0.0,0.0
2021-08-02,Kwekwe,-18.9281,29.8147,1,0,99146,1.0086,0.0
2021-08-09,Kwekwe,-18.9281,29.8147,0,0,99146,0.0,0.0
2021-08-16,Kwekwe,-18.9281,29.8147,3,0,99146,3.0258,0.0
2021-08-23,Kwekwe,-18.9281,29.8147,1,0,99146,1.0086,0.0
2021-08-30,Kwekwe,-18.9281,29.8147,2,0,99146,2.0172,0.0
2021-09-06,Kwekwe,-18.9281,29.8147,1,0,99146,1.0086,0.0
2021-09-13,Kwekwe,-18.9281,29.8147,0,0,99146,0.0,0.0
2021-09-20,Kwekwe,-18.9281,29.8147,1,0,99146,1.0086,0.0
2021-09-27,Kwekwe,-18.9281,29.8147,1,0,99146,1.0086,0.0
2021-10-04,Kwekwe,-18.9281,29.8147,1,0,99146,1.0086,0.0
2021-10-11,Kwekwe,-18.9281,29.8147,4,0,99146,4.0345,0.0
2021-10-18,Kwekwe,-18.9281,29.8147,4,0,99146,4.0345,0.0
2021-10-25,Kwekwe,-18.9281,29.8147,0,0,99146,0.0,0.0
2021-11-01,Kwekwe,-18.9281,29.8147,8,0,99146,8.0689,0.0
2021-11-08,Kwekwe,-18.9281,29.8147,6,0,99146,6.0517,0.0
2021-11-15,Kwekwe,-18.9281,29.8147,6,1,99146,6.0517,0.1667
2021-11-22,Kwekwe,-18.9281,29.8147,5,0,99146,5.0431,0.0
2021-11-29,Kwekwe,-18.9281,29.8147,3,1,99146,3.0258,0.3333
2021-12-06,Kwekwe,-18.9281,29.8147,5,0,99146,5.0431,0.0
2021-12-13,Kwekwe,-18.9281,29.8147,5,0,99146,5.0431,0.0
2021-12-20,Kwekwe,-18.9281,29.8147,12,2,99146,12.1034,0.1667
2021-12-27,Kwekwe,-18.9281,29.8147,3,0,99146,3.0258,0.0
2022-01-03,Kwekwe,-18.9281,29.8147,2,0,99146,2.0172,0.0
2022-01-10,Kwekwe,-18.9281,29.8147,4,0,99146,4.0345,0.0
2022-01-17,Kwekwe,-18.9281,29.8147,3,0,99146,3.0258,0.0
2022-01-24,Kwekwe,-18.9281,29.8147,3,0,99146,3.0258,0.0
2022-01-31,Kwekwe,-18.9281,29.8147,3,0,99146,3.0258,0.0
2022-02-07,Kwekwe,-18.9281,29.8147,2,0,99146,2.0172,0.0
2022-02-14,Kwekwe,-18.9281,29.8147,2,0,99146,2.0172,0.0
2022-02-21,Kwekwe,-18.9281,29.8147,3,0,99146,3.0258,0.0
2022-02-28,Kwekwe,-18.9281,29.8147,3,0,99146,3.0258,0.0
2022-03-07,Kwekwe,-18.9281,29.8147,2,0,99146,2.0172,0.0
2022-03-14,Kwekwe,-18.9281,29.8147,1,0,99146,1.0086,0.0
2022-03-21,Kwekwe,-18.9281,29.8147,5,0,99146,5.0431,0.0
2022-03-28,Kwekwe,-18.9281,29.8147,8,0,99146,8.0689,0.0
2022-04-04,Kwekwe,-18.9281,29.8147,3,0,99146,3.0258,0.0
2022-04-11,Kwekwe,-18.9281,29.8147,1,0,99146,1.0086,0.0
2022-04-18,Kwekwe,-18.9281,29.8147,3,0,99146,3.0258,0.0
2022-04-25,Kwekwe,-18.9281,29.8147,1,0,99146,1.0086,0.0
2022-05-02,Kwekwe,-18.9281,29.8147,0,0,99146,0.0,0.0
2022-05-09,Kwekwe,-18.9281,29.8147,0,0,99146,0.0,0.0
2022-05-16,Kwekwe,-18.9281,29.8147,2,0,99146,2.0172,0.0
2022-05-23,Kwekwe,-18.9281,29.8147,3,0,99146,3.0258,0.0
2022-05-30,Kwekwe,-18.9281,29.8147,0,0,99146,0.0,0.0
2022-06-06,Kwekwe,-18.9281,29.8147,2,0,99146,2.0172,0.0
2022-06-13,Kwekwe,-18.9281,29.8147,0,0,99146,0.0,0.0
2022-06-20,Kwekwe,-18.9281,29.8147,2,0,99146,2.0172,0.0
2022-06-27,Kwekwe,-18.9281,29.8147,2,0,99146,2.0172,0.0
2022-07-04,Kwekwe,-18.9281,29.8147,2,0,99146,2.0172,0.0
2022-07-11,Kwekwe,-18.9281,29.8147,1,0,99146,1.0086,0.0
2022-07-18,Kwekwe,-18.9281,29.8147,1,0,99146,1.0086,0.0
2022-07-25,Kwekwe,-18.9281,29.8147,1,0,99146,1.0086,0.0
2022-08-01,Kwekwe,-18.9281,29.8147,1,0,99146,1.0086,0.0
2022-08-08,Kwekwe,-18.9281,29.8147,1,0,99146,1.0086,0.0
2022-08-15,Kwekwe,-18.9281,29.8147,2,0,99146,2.0172,0.0
2022-08-22,Kwekwe,-18.9281,29.8147,1,0,99146,1.0086,0.0
2022-08-29,Kwekwe,-18.9281,29.8147,0,0,99146,0.0,0.0
2022-09-05,Kwekwe,-18.9281,29.8147,2,0,99146,2.0172,0.0
2022-09-12,Kwekwe,-18.9281,29.8147,1,0,99146,1.0086,0.0
2022-09-19,Kwekwe,-18.9281,29.8147,1,0,99146,1.0086,0.0
2022-09-26,Kwekwe,-18.9281,29.8147,1,0,99146,1.0086,0.0
2022-10-03,Kwekwe,-18.9281,29.8147,1,0,99146,1.0086,0.0
2022-10-10,Kwekwe,-18.9281,29.8147,0,0,99146,0.0,0.0
2022-10-17,Kwekwe,-18.9281,29.8147,0,0,99146,0.0,0.0
2022-10-24,Kwekwe,-18.9281,29.8147,1,0,99146,1.0086,0.0
2022-10-31,Kwekwe,-18.9281,29.8147,3,0,99146,3.0258,0.0
2022-11-07,Kwekwe,-18.9281,29.8147,2,0,99146,2.0172,0.0
2022-11-14,Kwekwe,-18.9281,29.8147,6,0,99146,6.0517,0.0
2022-11-21,Kwekwe,-18.9281,29.8147,0,0,99146,0.0,0.0
2022-11-28,Kwekwe,-18.9281,29.8147,1,0,99146,1.0086,0.0
2022-12-05,Kwekwe,-18.9281,29.8147,2,0,99146,2.0172,0.0
2022-12-12,Kwekwe,-18.9281,29.8147,2,0,99146,2.0172,0.0
2022-12-19,Kwekwe,-18.9281,29.8147,4,0,99146,4.0345,0.0
2022-12-26,Kwekwe,-18.9281,29.8147,1,0,99146,1.0086,0.0
2023-01-02,Kwekwe,-18.9281,29.8147,0,0,99146,0.0,0.0
2023-01-09,Kwekwe,-18.9281,29.8147,0,0,99146,0.0,0.0
2023-01-16,Kwekwe,-18.9281,29.8147,1,0,99146,1.0086,0.0
2023-01-23,Kwekwe,-18.9281,29.8147,1,0,99146,1.0086,0.0
2023-01-30,Kwekwe,-18.9281,29.8147,3,0,99146,3.0258,0.0
2023-02-06,Kwekwe,-18.9281,29.8147,3,0,99146,3.0258,0.0
2023-02-13,Kwekwe,-18.9281,29.8147,2,1,99146,2.0172,0.5
2023-02-20,Kwekwe,-18.9281,29.8147,8,0,99146,8.0689,0.0
2023-02-27,Kwekwe,-18.9281,29.8147,4,0,99146,4.0345,0.0
2023-03-06,Kwekwe,-18.9281,29.8147,3,0,99146,3.0258,0.0
2023-03-13,Kwekwe,-18.9281,29.8147,2,0,99146,2.0172,0.0
2023-03-20,Kwekwe,-18.9281,29.8147,4,0,99146,4.0345,0.0
2023-03-27,Kwekwe,-18.9281,29.8147,5,0,99146,5.0431,0.0
2023-04-03,Kwekwe,-18.9281,29.8147,1,0,99146,1.0086,0.0
2023-04-10,Kwekwe,-18.9281,29.8147,4,0,99146,4.0345,0.0
2023-04-17,Kwekwe,-18.9281,29.8147,6,0,99146,6.0517,0.0
2023-04-24,Kwekwe,-18.9281,29.8147,7,0,99146,7.0603,0.0
2023-05-01,Kwekwe,-18.9281,29.8147,2,0,99146,2.0172,0.0
2023-05-08,Kwekwe,-18.9281,29.8147,9,1,99146,9.0775,0.1111
2023-05-15,Kwekwe,-18.9281,29.8147,15,0,99146,15.1292,0.0
2023-05-22,Kwekwe,-18.9281,29.8147,10,0,99146,10.0861,0.0
2023-05-29,Kwekwe,-18.9281,29.8147,3,0,99146,3.0258,0.0
2023-06-05,Kwekwe,-18.9281,29.8147,8,0,99146,8.0689,0.0
2023-06-12,Kwekwe,-18.9281,29.8147,2,0,99146,2.0172,0.0
2023-06-19,Kwekwe,-18.9281,29.8147,6,1,99146,6.0517,0.1667
2023-06-26,Kwekwe,-18.9281,29.8147,3,0,99146,3.0258,0.0
2023-07-03,Kwekwe,-18.9281,29.8147,4,0,99146,4.0345,0.0
2023-07-10,Kwekwe,-18.9281,29.8147,1,0,99146,1.0086,0.0
2023-07-17,Kwekwe,-18.9281,29.8147,4,0,99146,4.0345,0.0
2023-07-24,Kwekwe,-18.9281,29.8147,2,0,99146,2.0172,0.0
2023-07-31,Kwekwe,-18.9281,29.8147,1,0,99146,1.0086,0.0
2023-08-07,Kwekwe,-18.9281,29.8147,2,0,99146,2.0172,0.0
2023-08-14,Kwekwe,-18.9281,29.8147,2,0,99146,2.0172,0.0
2023-08-21,Kwekwe,-18.9281,29.8147,3,0,99146,3.0258,0.0
2023-08-28,Kwekwe,-18.9281,29.8147,2,0,99146,2.0172,0.0
2023-09-04,Kwekwe,-18.9281,29.8147,0,0,99146,0.0,0.0
2023-09-11,Kwekwe,-18.9281,29.8147,0,0,99146,0.0,0.0
2023-09-18,Kwekwe,-18.9281,29.8147,0,0,99146,0.0,0.0
2023-09-25,Kwekwe,-18.9281,29.8147,0,0,99146,0.0,0.0
2023-10-02,Kwekwe,-18.9281,29.8147,3,0,99146,3.0258,0.0
2023-10-09,Kwekwe,-18.9281,29.8147,1,0,99146,1.0086,0.0
2023-10-16,Kwekwe,-18.9281,29.8147,2,0,99146,2.0172,0.0
2023-10-23,Kwekwe,-18.9281,29.8147,1,0,99146,1.0086,0.0
2023-10-30,Kwekwe,-18.9281,29.8147,1,0,99146,1.0086,0.0
2023-11-06,Kwekwe,-18.9281,29.8147,4,0,99146,4.0345,0.0
2023-11-13,Kwekwe,-18.9281,29.8147,6,0,99146,6.0517,0.0
2023-11-20,Kwekwe,-18.9281,29.8147,5,0,99146,5.0431,0.0
2023-11-27,Kwekwe,-18.9281,29.8147,5,0,99146,5.0431,0.0
2023-12-04,Kwekwe,-18.9281,29.8147,5,0,99146,5.0431,0.0
2023-12-11,Kwekwe,-18.9281,29.8147,3,0,99146,3.0258,0.0
2023-12-18,Kwekwe,-18.9281,29.8147,4,0,99146,4.0345,0.0
2023-12-25,Kwekwe,-18.9281,29.8147,1,0,99146,1.0086,0.0
2024-01-01,Kwekwe,-18.9281,29.8147,1,0,99146,1.0086,0.0
2024-01-08,Kwekwe,-18.9281,29.8147,0,0,99146,0.0,0.0
2024-01-15,Kwekwe,-18.9281,29.8147,0,0,99146,0.0,0.0
2024-01-22,Kwekwe,-18.9281,29.8147,0,0,99146,0.0,0.0
2024-01-29,Kwekwe,-18.9281,29.8147,1,0,99146,1.0086,0.0
2024-02-05,Kwekwe,-18.9281,29.8147,0,0,99146,0.0,0.0
2024-02-12,Kwekwe,-18.9281,29.8147,2,0,99146,2.0172,0.0
2024-02-19,Kwekwe,-18.9281,29.8147,1,0,99146,1.0086,0.0
2024-02-26,Kwekwe,-18.9281,29.8147,1,0,99146,1.0086,0.0
2024-03-04,Kwekwe,-18.9281,29.8147,3,0,99146,3.0258,0.0
2024-03-11,Kwekwe,-18.9281,29.8147,2,0,99146,2.0172,0.0
2024-03-18,Kwekwe,-18.9281,29.8147,1,0,99146,1.0086,0.0
2024-03-25,Kwekwe,-18.9281,29.8147,0,0,99146,0.0,0.0
2024-04-01,Kwekwe,-18.9281,29.8147,0,0,99146,0.0,0.0
2024-04-08,Kwekwe,-18.9281,29.8147,2,0,99146,2.0172,0.0
2024-04-15,Kwekwe,-18.9281,29.8147,3,0,99146,3.0258,0.0
2024-04-22,Kwekwe,-18.9281,29.8147,1,0,99146,1.0086,0.0
2024-04-29,Kwekwe,-18.9281,29.8147,2,0,99146,2.0172,0.0
2024-05-06,Kwekwe,-18.9281,29.8147,0,0,99146,0.0,0.0
2024-05-13,Kwekwe,-18.9281,29.8147,2,0,99146,2.0172,0.0
2024-05-20,Kwekwe,-18.9281,29.8147,1,0,99146,1.0086,0.0
2024-05-27,Kwekwe,-18.9281,29.8147,0,0,99146,0.0,0.0
2024-06-03,Kwekwe,-18.9281,29.8147,0,0,99146,0.0,0.0
2024-06-10,Kwekwe,-18.9281,29.8147,0,0,99146,0.0,0.0
2024-06-17,Kwekwe,-18.9281,29.8147,2,0,99146,2.0172,0.0
2024-06-24,Kwekwe,-18.9281,29.8147,2,0,99146,2.0172,0.0
2024-07-01,Kwekwe,-18.9281,29.8147,1,0,99146,1.0086,0.0
2024-07-08,Kwekwe,-18.9281,29.8147,0,0,99146,0.0,0.0
2024-07-15,Kwekwe,-18.9281,29.8147,1,0,99146,1.0086,0.0
2024-07-22,Kwekwe,-18.9281,29.8147,2,0,99146,2.0172,0.0
2024-07-29,Kwekwe,-18.9281,29.8147,1,0,99146,1.0086,0.0
2024-08-05,Kwekwe,-18.9281,29.8147,2,0,99146,2.0172,0.0
2024-08-12,Kwekwe,-18.9281,29.8147,0,0,99146,0.0,0.0
2024-08-19,Kwekwe,-18.9281,29.8147,3,0,99146,3.0258,0.0
2024-08-26,Kwekwe,-18.9281,29.8147,0,0,99146,0.0,0.0
2024-09-02,Kwekwe,-18.9281,29.8147,2,0,99146,2.0172,0.0
2024-09-09,Kwekwe,-18.9281,29.8147,2,0,99146,2.0172,0.0
2024-09-16,Kwekwe,-18.9281,29.8147,0,0,99146,0.0,0.0
2024-09-23,Kwekwe,-18.9281,29.8147,3,0,99146,3.0258,0.0
2024-09-30,Kwekwe,-18.9281,29.8147,1,0,99146,1.0086,0.0
2024-10-07,Kwekwe,-18.9281,29.8147,2,0,99146,2.0172,0.0
2024-10-14,Kwekwe,-18.9281,29.8147,1,0,99146,1.0086,0.0
2024-10-21,Kwekwe,-18.9281,29.8147,1,0,99146,1.0086,0.0
2024-10-28,Kwekwe,-18.9281,29.8147,2,0,99146,2.0172,0.0
2024-11-04,Kwekwe,-18.9281,29.8147,0,0,99146,0.0,0.0
2024-11-11,Kwekwe,-18.9281,29.8147,1,0,99146,1.0086,0.0
2024-11-18,Kwekwe,-18.9281,29.8147,3,0,99146,3.0258,0.0
2024-11-25,Kwekwe,-18.9281,29.8147,5,0,99146,5.0431,0.0
2024-12-02,Kwekwe,-18.9281,29.8147,7,0,99146,7.0603,0.0
2024-12-09,Kwekwe,-18.9281,29.8147,1,0,99146,1.0086,0.0
2024-12-16,Kwekwe,-18.9281,29.8147,2,0,99146,2.0172,0.0
2024-12-23,Kwekwe,-18.9281,29.8147,4,0,99146,4.0345,0.0
2024-12-30,Kwekwe,-18.9281,29.8147,1,0,99146,1.0086,0.0
2025-01-06,Kwekwe,-18.9281,29.8147,0,0,99146,0.0,0.0
2025-01-13,Kwekwe,-18.9281,29.8147,1,0,99146,1.0086,0.0
2025-01-20,Kwekwe,-18.9281,29.8147,0,0,99146,0.0,0.0
2025-01-27,Kwekwe,-18.9281,29.8147,2,0,99146,2.0172,0.0
2025-02-03,Kwekwe,-18.9281,29.8147,0,0,99146,0.0,0.0
2025-02-10,Kwekwe,-18.9281,29.8147,1,0,99146,1.0086,0.0
2025-02-17,Kwekwe,-18.9281,29.8147,3,0,99146,3.0258,0.0
2025-02-24,Kwekwe,-18.9281,29.8147,3,0,99146,3.0258,0.0
2025-03-03,Kwekwe,-18.9281,29.8147,3,0,99146,3.0258,0.0
2025-03-10,Kwekwe,-18.9281,29.8147,3,0,99146,3.0258,0.0
2025-03-17,Kwekwe,-18.9281,29.8147,2,0,99146,2.0172,0.0
2025-03-24,Kwekwe,-18.9281,29.8147,2,0,99146,2.0172,0.0
2025-03-31,Kwekwe,-18.9281,29.8147,1,0,99146,1.0086,0.0
2025-04-07,Kwekwe,-18.9281,29.8147,1,0,99146,1.0086,0.0
2025-04-14,Kwekwe,-18.9281,29.8147,3,0,99146,3.0258,0.0
2025-04-21,Kwekwe,-18.9281,29.8147,3,0,99146,3.0258,0.0
2025-04-28,Kwekwe,-18.9281,29.8147,2,1,99146,2.0172,0.5
2025-05-05,Kwekwe,-18.9281,29.8147,3,0,99146,3.0258,0.0
2025-05-12,Kwekwe,-18.9281,29.8147,0,0,99146,0.0,0.0
2025-05-19,Kwekwe,-18.9281,29.8147,2,0,99146,2.0172,0.0
2025-05-26,Kwekwe,-18.9281,29.8147,1,0,99146,1.0086,0.0
2025-06-02,Kwekwe,-18.9281,29.8147,5,0,99146,5.0431,0.0
2025-06-09,Kwekwe,-18.9281,29.8147,2,0,99146,2.0172,0.0
2025-06-16,Kwekwe,-18.9281,29.8147,2,0,99146,2.0172,0.0
2025-06-23,Kwekwe,-18.9281,29.8147,2,0,99146,2.0172,0.0
2025-06-30,Kwekwe,-18.9281,29.8147,0,0,99146,0.0,0.0
2025-07-07,Kwekwe,-18.9281,29.8147,1,0,99146,1.0086,0.0
2025-07-14,Kwekwe,-18.9281,29.8147,1,0,99146,1.0086,0.0
2025-07-21,Kwekwe,-18.9281,29.8147,1,0,99146,1.0086,0.0
2025-07-28,Kwekwe,-18.9281,29.8147,3,0,99146,3.0258,0.0
2025-08-04,Kwekwe,-18.9281,29.8147,0,0,99146,0.0,0.0
2025-08-11,Kwekwe,-18.9281,29.8147,0,0,99146,0.0,0.0
2025-08-18,Kwekwe,-18.9281,29.8147,0,0,99146,0.0,0.0
2025-08-25,Kwekwe,-18.9281,29.8147,0,0,99146,0.0,0.0
2025-09-01,Kwekwe,-18.9281,29.8147,3,0,99146,3.0258,0.0
2025-09-08,Kwekwe,-18.9281,29.8147,1,0,99146,1.0086,0.0
2025-09-15,Kwekwe,-18.9281,29.8147,2,0,99146,2.0172,0.0
2025-09-22,Kwekwe,-18.9281,29.8147,0,0,99146,0.0,0.0
2025-09-29,Kwekwe,-18.9281,29.8147,2,0,99146,2.0172,0.0
2025-10-06,Kwekwe,-18.9281,29.8147,2,0,99146,2.0172,0.0
2025-10-13,Kwekwe,-18.9281,29.8147,3,0,99146,3.0258,0.0
2025-10-20,Kwekwe,-18.9281,29.8147,2,0,99146,2.0172,0.0
2025-10-27,Kwekwe,-18.9281,29.8147,4,0,99146,4.0345,0.0
2025-11-03,Kwekwe,-18.9281,29.8147,1,0,99146,1.0086,0.0
2025-11-10,Kwekwe,-18.9281,29.8147,3,0,99146,3.0258,0.0
2025-11-17,Kwekwe,-18.9281,29.8147,0,0,99146,0.0,0.0
2025-11-24,Kwekwe,-18.9281,29.8147,2,0,99146,2.0172,0.0
2025-12-01,Kwekwe,-18.9281,29.8147,2,0,99146,2.0172,0.0
2025-12-08,Kwekwe,-18.9281,29.8147,1,0,99146,1.0086,0.0
2025-12-15,Kwekwe,-18.9281,29.8147,3,0,99146,3.0258,0.0
2025-12-22,Kwekwe,-18.9281,29.8147,1,0,99146,1.0086,0.0
2025-12-29,Kwekwe,-18.9281,29.8147,0,0,99146,0.0,0.0
2018-01-01,Masvingo,-20.0667,30.8333,0,0,90286,0.0,0.0
2018-01-08,Masvingo,-20.0667,30.8333,2,0,90286,2.2152,0.0
2018-01-15,Masvingo,-20.0667,30.8333,1,0,90286,1.1076,0.0
2018-01-22,Masvingo,-20.0667,30.8333,0,0,90286,0.0,0.0
2018-01-29,Masvingo,-20.0667,30.8333,1,0,90286,1.1076,0.0
2018-02-05,Masvingo,-20.0667,30.8333,2,0,90286,2.2152,0.0
2018-02-12,Masvingo,-20.0667,30.8333,2,0,90286,2.2152,0.0
2018-02-19,Masvingo,-20.0667,30.8333,4,0,90286,4.4304,0.0
2018-02-26,Masvingo,-20.0667,30.8333,1,0,90286,1.1076,0.0
2018-03-05,Masvingo,-20.0667,30.8333,1,0,90286,1.1076,0.0
2018-03-12,Masvingo,-20.0667,30.8333,1,0,90286,1.1076,0.0
2018-03-19,Masvingo,-20.0667,30.8333,3,0,90286,3.3228,0.0
2018-03-26,Masvingo,-20.0667,30.8333,1,0,90286,1.1076,0.0
2018-04-02,Masvingo,-20.0667,30.8333,1,0,90286,1.1076,0.0
2018-04-09,Masvingo,-20.0667,30.8333,1,0,90286,1.1076,0.0
2018-04-16,Masvingo,-20.0667,30.8333,7,0,90286,7.7531,0.0
2018-04-23,Masvingo,-20.0667,30.8333,1,0,90286,1.1076,0.0
2018-04-30,Masvingo,-20.0667,30.8333,9,0,90286,9.9683,0.0
2018-05-07,Masvingo,-20.0667,30.8333,4,0,90286,4.4304,0.0
2018-05-14,Masvingo,-20.0667,30.8333,1,0,90286,1.1076,0.0
2018-05-21,Masvingo,-20.0667,30.8333,2,0,90286,2.2152,0.0
2018-05-28,Masvingo,-20.0667,30.8333,5,0,90286,5.538,0.0
2018-06-04,Masvingo,-20.0667,30.8333,1,0,90286,1.1076,0.0
2018-06-11,Masvingo,-20.0667,30.8333,1,0,90286,1.1076,0.0
2018-06-18,Masvingo,-20.0667,30.8333,3,0,90286,3.3228,0.0
2018-06-25,Masvingo,-20.0667,30.8333,1,0,90286,1.1076,0.0
2018-07-02,Masvingo,-20.0667,30.8333,2,0,90286,2.2152,0.0
2018-07-09,Masvingo,-20.0667,30.8333,1,0,90286,1.1076,0.0
2018-07-16,Masvingo,-20.0667,30.8333,1,0,90286,1.1076,0.0
2018-07-23,Masvingo,-20.0667,30.8333,0,0,90286,0.0,0.0
2018-07-30,Masvingo,-20.0667,30.8333,0,0,90286,0.0,0.0
2018-08-06,Masvingo,-20.0667,30.8333,1,0,90286,1.1076,0.0
2018-08-13,Masvingo,-20.0667,30.8333,0,0,90286,0.0,0.0
2018-08-20,Masvingo,-20.0667,30.8333,0,0,90286,0.0,0.0
2018-08-27,Masvingo,-20.0667,30.8333,0,0,90286,0.0,0.0
2018-09-03,Masvingo,-20.0667,30.8333,2,0,90286,2.2152,0.0
2018-09-10,Masvingo,-20.0667,30.8333,6,0,90286,6.6455,0.0
2018-09-17,Masvingo,-20.0667,30.8333,5,0,90286,5.538,0.0
2018-09-24,Masvingo,-20.0667,30.8333,2,0,90286,2.2152,0.0
2018-10-01,Masvingo,-20.0667,30.8333,5,0,90286,5.538,0.0
2018-10-08,Masvingo,-20.0667,30.8333,4,0,90286,4.4304,0.0
2018-10-15,Masvingo,-20.0667,30.8333,5,0,90286,5.538,0.0
2018-10-22,Masvingo,-20.0667,30.8333,2,0,90286,2.2152,0.0
2018-10-29,Masvingo,-20.0667,30.8333,4,0,90286,4.4304,0.0
2018-11-05,Masvingo,-20.0667,30.8333,11,0,90286,12.1835,0.0
2018-11-12,Masvingo,-20.0667,30.8333,10,0,90286,11.0759,0.0
2018-11-19,Masvingo,-20.0667,30.8333,15,0,90286,16.6139,0.0
2018-11-26,Masvingo,-20.0667,30.8333,10,1,90286,11.0759,0.1
2018-12-03,Masvingo,-20.0667,30.8333,6,0,90286,6.6455,0.0
2018-12-10,Masvingo,-20.0667,30.8333,6,0,90286,6.6455,0.0
2018-12-17,Masvingo,-20.0667,30.8333,6,0,90286,6.6455,0.0
2018-12-24,Masvingo,-20.0667,30.8333,3,0,90286,3.3228,0.0
2018-12-31,Masvingo,-20.0667,30.8333,3,1,90286,3.3228,0.3333
2019-01-07,Masvingo,-20.0667,30.8333,4,0,90286,4.4304,0.0
2019-01-14,Masvingo,-20.0667,30.8333,8,0,90286,8.8607,0.0
2019-01-21,Masvingo,-20.0667,30.8333,5,1,90286,5.538,0.2
2019-01-28,Masvingo,-20.0667,30.8333,5,0,90286,5.538,0.0
2019-02-04,Masvingo,-20.0667,30.8333,1,0,90286,1.1076,0.0
2019-02-11,Masvingo,-20.0667,30.8333,7,0,90286,7.7531,0.0
2019-02-18,Masvingo,-20.0667,30.8333,1,0,90286,1.1076,0.0
2019-02-25,Masvingo,-20.0667,30.8333,5,0,90286,5.538,0.0
2019-03-04,Masvingo,-20.0667,30.8333,3,0,90286,3.3228,0.0
2019-03-11,Masvingo,-20.0667,30.8333,2,0,90286,2.2152,0.0
2019-03-18,Masvingo,-20.0667,30.8333,11,1,90286,12.1835,0.0909
2019-03-25,Masvingo,-20.0667,30.8333,11,0,90286,12.1835,0.0
2019-04-01,Masvingo,-20.0667,30.8333,12,0,90286,13.2911,0.0
2019-04-08,Masvingo,-20.0667,30.8333,4,0,90286,4.4304,0.0
2019-04-15,Masvingo,-20.0667,30.8333,1,0,90286,1.1076,0.0
2019-04-22,Masvingo,-20.0667,30.8333,11,0,90286,12.1835,0.0
2019-04-29,Masvingo,-20.0667,30.8333,9,0,90286,9.9683,0.0
2019-05-06,Masvingo,-20.0667,30.8333,16,0,90286,17.7215,0.0
2019-05-13,Masvingo,-20.0667,30.8333,6,0,90286,6.6455,0.0
2019-05-20,Masvingo,-20.0667,30.8333,8,0,90286,8.8607,0.0
2019-05-27,Masvingo,-20.0667,30.8333,5,0,90286,5.538,0.0
2019-06-03,Masvingo,-20.0667,30.8333,6,0,90286,6.6455,0.0
2019-06-10,Masvingo,-20.0667,30.8333,0,0,90286,0.0,0.0
2019-06-17,Masvingo,-20.0667,30.8333,10,1,90286,11.0759,0.1
2019-06-24,Masvingo,-20.0667,30.8333,8,0,90286,8.8607,0.0
2019-07-01,Masvingo,-20.0667,30.8333,3,0,90286,3.3228,0.0
2019-07-08,Masvingo,-20.0667,30.8333,0,0,90286,0.0,0.0
2019-07-15,Masvingo,-20.0667,30.8333,2,0,90286,2.2152,0.0
2019-07-22,Masvingo,-20.0667,30.8333,0,0,90286,0.0,0.0
2019-07-29,Masvingo,-20.0667,30.8333,0,0,90286,0.0,0.0
2019-08-05,Masvingo,-20.0667,30.8333,2,0,90286,2.2152,0.0
2019-08-12,Masvingo,-20.0667,30.8333,2,0,90286,2.2152,0.0
2019-08-19,Masvingo,-20.0667,30.8333,2,0,90286,2.2152,0.0
2019-08-26,Masvingo,-20.0667,30.8333,0,0,90286,0.0,0.0
2019-09-02,Masvingo,-20.0667,30.8333,1,0,90286,1.1076,0.0
2019-09-09,Masvingo,-20.0667,30.8333,3,0,90286,3.3228,0.0
2019-09-16,Masvingo,-20.0667,30.8333,0,0,90286,0.0,0.0
2019-09-23,Masvingo,-20.0667,30.8333,3,0,90286,3.3228,0.0
2019-09-30,Masvingo,-20.0667,30.8333,1,0,90286,1.1076,0.0
2019-10-07,Masvingo,-20.0667,30.8333,1,0,90286,1.1076,0.0
2019-10-14,Masvingo,-20.0667,30.8333,3,0,90286,3.3228,0.0
2019-10-21,Masvingo,-20.0667,30.8333,2,0,90286,2.2152,0.0
2019-10-28,Masvingo,-20.0667,30.8333,4,0,90286,4.4304,0.0
2019-11-04,Masvingo,-20.0667,30.8333,3,0,90286,3.3228,0.0
2019-11-11,Masvingo,-20.0667,30.8333,0,0,90286,0.0,0.0
2019-11-18,Masvingo,-20.0667,30.8333,3,0,90286,3.3228,0.0
2019-11-25,Masvingo,-20.0667,30.8333,4,0,90286,4.4304,0.0
2019-12-02,Masvingo,-20.0667,30.8333,2,0,90286,2.2152,0.0
2019-12-09,Masvingo,-20.0667,30.8333,0,0,90286,0.0,0.0
2019-12-16,Masvingo,-20.0667,30.8333,2,0,90286,2.2152,0.0
2019-12-23,Masvingo,-20.0667,30.8333,3,0,90286,3.3228,0.0
2019-12-30,Masvingo,-20.0667,30.8333,1,0,90286,1.1076,0.0
2020-01-06,Masvingo,-20.0667,30.8333,2,0,90286,2.2152,0.0
2020-01-13,Masvingo,-20.0667,30.8333,7,1,90286,7.7531,0.1429
2020-01-20,Masvingo,-20.0667,30.8333,1,0,90286,1.1076,0.0
2020-01-27,Masvingo,-20.0667,30.8333,1,0,90286,1.1076,0.0
2020-02-03,Masvingo,-20.0667,30.8333,2,0,90286,2.2152,0.0
2020-02-10,Masvingo,-20.0667,30.8333,3,1,90286,3.3228,0.3333
2020-02-17,Masvingo,-20.0667,30.8333,0,0,90286,0.0,0.0
2020-02-24,Masvingo,-20.0667,30.8333,1,0,90286,1.1076,0.0
2020-03-02,Masvingo,-20.0667,30.8333,2,0,90286,2.2152,0.0
2020-03-09,Masvingo,-20.0667,30.8333,6,0,90286,6.6455,0.0
2020-03-16,Masvingo,-20.0667,30.8333,2,0,90286,2.2152,0.0
2020-03-23,Masvingo,-20.0667,30.8333,1,0,90286,1.1076,0.0
2020-03-30,Masvingo,-20.0667,30.8333,3,0,90286,3.3228,0.0
2020-04-06,Masvingo,-20.0667,30.8333,4,0,90286,4.4304,0.0
2020-04-13,Masvingo,-20.0667,30.8333,3,0,90286,3.3228,0.0
2020-04-20,Masvingo,-20.0667,30.8333,0,0,90286,0.0,0.0
2020-04-27,Masvingo,-20.0667,30.8333,3,0,90286,3.3228,0.0
2020-05-04,Masvingo,-20.0667,30.8333,2,0,90286,2.2152,0.0
2020-05-11,Masvingo,-20.0667,30.8333,0,0,90286,0.0,0.0
2020-05-18,Masvingo,-20.0667,30.8333,1,0,90286,1.1076,0.0
2020-05-25,Masvingo,-20.0667,30.8333,1,0,90286,1.1076,0.0
2020-06-01,Masvingo,-20.0667,30.8333,3,0,90286,3.3228,0.0
2020-06-08,Masvingo,-20.0667,30.8333,1,0,90286,1.1076,0.0
2020-06-15,Masvingo,-20.0667,30.8333,0,0,90286,0.0,0.0
2020-06-22,Masvingo,-20.0667,30.8333,3,0,90286,3.3228,0.0
2020-06-29,Masvingo,-20.0667,30.8333,0,0,90286,0.0,0.0
2020-07-06,Masvingo,-20.0667,30.8333,0,0,90286,0.0,0.0
2020-07-13,Masvingo,-20.0667,30.8333,2,0,90286,2.2152,0.0
2020-07-20,Masvingo,-20.0667,30.8333,1,0,90286,1.1076,0.0
2020-07-27,Masvingo,-20.0667,30.8333,1,0,90286,1.1076,0.0
2020-08-03,Masvingo,-20.0667,30.8333,3,0,90286,3.3228,0.0
2020-08-10,Masvingo,-20.0667,30.8333,1,0,90286,1.1076,0.0
2020-08-17,Masvingo,-20.0667,30.8333,1,0,90286,1.1076,0.0
2020-08-24,Masvingo,-20.0667,30.8333,1,0,90286,1.1076,0.0
2020-08-31,Masvingo,-20.0667,30.8333,1,0,90286,1.1076,0.0
2020-09-07,Masvingo,-20.0667,30.8333,1,0,90286,1.1076,0.0
2020-09-14,Masvingo,-20.0667,30.8333,1,0,90286,1.1076,0.0
2020-09-21,Masvingo,-20.0667,30.8333,4,0,90286,4.4304,0.0
2020-09-28,Masvingo,-20.0667,30.8333,2,0,90286,2.2152,0.0
2020-10-05,Masvingo,-20.0667,30.8333,3,0,90286,3.3228,0.0
2020-10-12,Masvingo,-20.0667,30.8333,2,0,90286,2.2152,0.0
2020-10-19,Masvingo,-20.0667,30.8333,1,0,90286,1.1076,0.0
2020-10-26,Masvingo,-20.0667,30.8333,5,0,90286,5.538,0.0
2020-11-02,Masvingo,-20.0667,30.8333,1,0,90286,1.1076,0.0
2020-11-09,Masvingo,-20.0667,30.8333,1,0,90286,1.1076,0.0
2020-11-16,Masvingo,-20.0667,30.8333,6,0,90286,6.6455,0.0
2020-11-23,Masvingo,-20.0667,30.8333,3,0,90286,3.3228,0.0
2020-11-30,Masvingo,-20.0667,30.8333,2,0,90286,2.2152,0.0
2020-12-07,Masvingo,-20.0667,30.8333,2,0,90286,2.2152,0.0
2020-12-14,Masvingo,-20.0667,30.8333,4,0,90286,4.4304,0.0
2020-12-21,Masvingo,-20.0667,30.8333,0,0,90286,0.0,0.0
2020-12-28,Masvingo,-20.0667,30.8333,2,0,90286,2.2152,0.0
2021-01-04,Masvingo,-20.0667,30.8333,0,0,90286,0.0,0.0
2021-01-11,Masvingo,-20.0667,30.8333,1,0,90286,1.1076,0.0
2021-01-18,Masvingo,-20.0667,30.8333,2,0,90286,2.2152,0.0
2021-01-25,Masvingo,-20.0667,30.8333,3,0,90286,3.3228,0.0
2021-02-01,Masvingo,-20.0667,30.8333,3,0,90286,3.3228,0.0
2021-02-08,Masvingo,-20.0667,30.8333,1,0,90286,1.1076,0.0
2021-02-15,Masvingo,-20.0667,30.8333,1,0,90286,1.1076,0.0
2021-02-22,Masvingo,-20.0667,30.8333,1,0,90286,1.1076,0.0
2021-03-01,Masvingo,-20.0667,30.8333,1,0,90286,1.1076,0.0
2021-03-08,Masvingo,-20.0667,30.8333,3,0,90286,3.3228,0.0
2021-03-15,Masvingo,-20.0667,30.8333,1,0,90286,1.1076,0.0
2021-03-22,Masvingo,-20.0667,30.8333,0,0,90286,0.0,0.0
2021-03-29,Masvingo,-20.0667,30.8333,6,0,90286,6.6455,0.0
2021-04-05,Masvingo,-20.0667,30.8333,1,0,90286,1.1076,0.0
2021-04-12,Masvingo,-20.0667,30.8333,2,0,90286,2.2152,0.0
2021-04-19,Masvingo,-20.0667,30.8333,0,0,90286,0.0,0.0
2021-04-26,Masvingo,-20.0667,30.8333,1,0,90286,1.1076,0.0
2021-05-03,Masvingo,-20.0667,30.8333,4,0,90286,4.4304,0.0
2021-05-10,Masvingo,-20.0667,30.8333,0,0,90286,0.0,0.0
2021-05-17,Masvingo,-20.0667,30.8333,2,0,90286,2.2152,0.0
2021-05-24,Masvingo,-20.0667,30.8333,1,0,90286,1.1076,0.0
2021-05-31,Masvingo,-20.0667,30.8333,4,0,90286,4.4304,0.0
2021-06-07,Masvingo,-20.0667,30.8333,3,0,90286,3.3228,0.0
2021-06-14,Masvingo,-20.0667,30.8333,1,0,90286,1.1076,0.0
2021-06-21,Masvingo,-20.0667,30.8333,1,0,90286,1.1076,0.0
2021-06-28,Masvingo,-20.0667,30.8333,1,0,90286,1.1076,0.0
2021-07-05,Masvingo,-20.0667,30.8333,0,0,90286,0.0,0.0
2021-07-12,Masvingo,-20.0667,30.8333,2,0,90286,2.2152,0.0
2021-07-19,Masvingo,-20.0667,30.8333,0,0,90286,0.0,0.0
2021-07-26,Masvingo,-20.0667,30.8333,0,0,90286,0.0,0.0
2021-08-02,Masvingo,-20.0667,30.8333,0,0,90286,0.0,0.0
2021-08-09,Masvingo,-20.0667,30.8333,0,0,90286,0.0,0.0
2021-08-16,Masvingo,-20.0667,30.8333,1,0,90286,1.1076,0.0
2021-08-23,Masvingo,-20.0667,30.8333,2,0,90286,2.2152,0.0
2021-08-30,Masvingo,-20.0667,30.8333,2,0,90286,2.2152,0.0
2021-09-06,Masvingo,-20.0667,30.8333,0,0,90286,0.0,0.0
2021-09-13,Masvingo,-20.0667,30.8333,0,0,90286,0.0,0.0
2021-09-20,Masvingo,-20.0667,30.8333,3,0,90286,3.3228,0.0
2021-09-27,Masvingo,-20.0667,30.8333,3,0,90286,3.3228,0.0
2021-10-04,Masvingo,-20.0667,30.8333,5,0,90286,5.538,0.0
2021-10-11,Masvingo,-20.0667,30.8333,1,0,90286,1.1076,0.0
2021-10-18,Masvingo,-20.0667,30.8333,0,0,90286,0.0,0.0
2021-10-25,Masvingo,-20.0667,30.8333,2,0,90286,2.2152,0.0
2021-11-01,Masvingo,-20.0667,30.8333,6,1,90286,6.6455,0.1667
2021-11-08,Masvingo,-20.0667,30.8333,2,0,90286,2.2152,0.0
2021-11-15,Masvingo,-20.0667,30.8333,14,2,90286,15.5063,0.1429
2021-11-22,Masvingo,-20.0667,30.8333,11,1,90286,12.1835,0.0909
2021-11-29,Masvingo,-20.0667,30.8333,4,0,90286,4.4304,0.0
2021-12-06,Masvingo,-20.0667,30.8333,1,0,90286,1.1076,0.0
2021-12-13,Masvingo,-20.0667,30.8333,9,0,90286,9.9683,0.0
2021-12-20,Masvingo,-20.0667,30.8333,6,0,90286,6.6455,0.0
2021-12-27,Masvingo,-20.0667,30.8333,2,0,90286,2.2152,0.0
2022-01-03,Masvingo,-20.0667,30.8333,2,0,90286,2.2152,0.0
2022-01-10,Masvingo,-20.0667,30.8333,0,0,90286,0.0,0.0
2022-01-17,Masvingo,-20.0667,30.8333,2,0,90286,2.2152,0.0
2022-01-24,Masvingo,-20.0667,30.8333,5,0,90286,5.538,0.0
2022-01-31,Masvingo,-20.0667,30.8333,5,0,90286,5.538,0.0
2022-02-07,Masvingo,-20.0667,30.8333,3,0,90286,3.3228,0.0
2022-02-14,Masvingo,-20.0667,30.8333,0,0,90286,0.0,0.0
2022-02-21,Masvingo,-20.0667,30.8333,1,0,90286,1.1076,0.0
2022-02-28,Masvingo,-20.0667,30.8333,1,0,90286,1.1076,0.0
2022-03-07,Masvingo,-20.0667,30.8333,4,0,90286,4.4304,0.0
2022-03-14,Masvingo,-20.0667,30.8333,10,0,90286,11.0759,0.0
2022-03-21,Masvingo,-20.0667,30.8333,5,0,90286,5.538,0.0
2022-03-28,Masvingo,-20.0667,30.8333,2,0,90286,2.2152,0.0
2022-04-04,Masvingo,-20.0667,30.8333,1,0,90286,1.1076,0.0
2022-04-11,Masvingo,-20.0667,30.8333,2,0,90286,2.2152,0.0
2022-04-18,Masvingo,-20.0667,30.8333,0,0,90286,0.0,0.0
2022-04-25,Masvingo,-20.0667,30.8333,5,0,90286,5.538,0.0
2022-05-02,Masvingo,-20.0667,30.8333,0,0,90286,0.0,0.0
2022-05-09,Masvingo,-20.0667,30.8333,4,0,90286,4.4304,0.0
2022-05-16,Masvingo,-20.0667,30.8333,5,1,90286,5.538,0.2
2022-05-23,Masvingo,-20.0667,30.8333,5,0,90286,5.538,0.0
2022-05-30,Masvingo,-20.0667,30.8333,0,0,90286,0.0,0.0
2022-06-06,Masvingo,-20.0667,30.8333,0,0,90286,0.0,0.0
2022-06-13,Masvingo,-20.0667,30.8333,0,0,90286,0.0,0.0
2022-06-20,Masvingo,-20.0667,30.8333,0,0,90286,0.0,0.0
2022-06-27,Masvingo,-20.0667,30.8333,1,0,90286,1.1076,0.0
2022-07-04,Masvingo,-20.0667,30.8333,1,0,90286,1.1076,0.0
2022-07-11,Masvingo,-20.0667,30.8333,0,0,90286,0.0,0.0
2022-07-18,Masvingo,-20.0667,30.8333,0,0,90286,0.0,0.0
2022-07-25,Masvingo,-20.0667,30.8333,0,0,90286,0.0,0.0
2022-08-01,Masvingo,-20.0667,30.8333,2,0,90286,2.2152,0.0
2022-08-08,Masvingo,-20.0667,30.8333,1,0,90286,1.1076,0.0
2022-08-15,Masvingo,-20.0667,30.8333,2,0,90286,2.2152,0.0
2022-08-22,Masvingo,-20.0667,30.8333,0,0,90286,0.0,0.0
2022-08-29,Masvingo,-20.0667,30.8333,1,0,90286,1.1076,0.0
2022-09-05,Masvingo,-20.0667,30.8333,1,0,90286,1.1076,0.0
2022-09-12,Masvingo,-20.0667,30.8333,1,0,90286,1.1076,0.0
2022-09-19,Masvingo,-20.0667,30.8333,2,0,90286,2.2152,0.0
2022-09-26,Masvingo,-20.0667,30.8333,2,0,90286,2.2152,0.0
2022-10-03,Masvingo,-20.0667,30.8333,1,0,90286,1.1076,0.0
2022-10-10,Masvingo,-20.0667,30.8333,1,0,90286,1.1076,0.0
2022-10-17,Masvingo,-20.0667,30.8333,3,0,90286,3.3228,0.0
2022-10-24,Masvingo,-20.0667,30.8333,0,0,90286,0.0,0.0
2022-10-31,Masvingo,-20.0667,30.8333,2,0,90286,2.2152,0.0
2022-11-07,Masvingo,-20.0667,30.8333,2,0,90286,2.2152,0.0
2022-11-14,Masvingo,-20.0667,30.8333,2,0,90286,2.2152,0.0
2022-11-21,Masvingo,-20.0667,30.8333,1,0,90286,1.1076,0.0
2022-11-28,Masvingo,-20.0667,30.8333,1,0,90286,1.1076,0.0
2022-12-05,Masvingo,-20.0667,30.8333,3,0,90286,3.3228,0.0
2022-12-12,Masvingo,-20.0667,30.8333,2,0,90286,2.2152,0.0
2022-12-19,Masvingo,-20.0667,30.8333,0,0,90286,0.0,0.0
2022-12-26,Masvingo,-20.0667,30.8333,1,0,90286,1.1076,0.0
2023-01-02,Masvingo,-20.0667,30.8333,2,0,90286,2.2152,0.0
2023-01-09,Masvingo,-20.0667,30.8333,2,0,90286,2.2152,0.0
2023-01-16,Masvingo,-20.0667,30.8333,2,0,90286,2.2152,0.0
2023-01-23,Masvingo,-20.0667,30.8333,0,0,90286,0.0,0.0
2023-01-30,Masvingo,-20.0667,30.8333,1,0,90286,1.1076,0.0
2023-02-06,Masvingo,-20.0667,30.8333,0,0,90286,0.0,0.0
2023-02-13,Masvingo,-20.0667,30.8333,3,0,90286,3.3228,0.0
2023-02-20,Masvingo,-20.0667,30.8333,4,1,90286,4.4304,0.25
2023-02-27,Masvingo,-20.0667,30.8333,3,0,90286,3.3228,0.0
2023-03-06,Masvingo,-20.0667,30.8333,3,0,90286,3.3228,0.0
2023-03-13,Masvingo,-20.0667,30.8333,2,0,90286,2.2152,0.0
2023-03-20,Masvingo,-20.0667,30.8333,5,0,90286,5.538,0.0
2023-03-27,Masvingo,-20.0667,30.8333,8,0,90286,8.8607,0.0
2023-04-03,Masvingo,-20.0667,30.8333,8,0,90286,8.8607,0.0
2023-04-10,Masvingo,-20.0667,30.8333,16,1,90286,17.7215,0.0625
2023-04-17,Masvingo,-20.0667,30.8333,5,0,90286,5.538,0.0
2023-04-24,Masvingo,-20.0667,30.8333,16,1,90286,17.7215,0.0625
2023-05-01,Masvingo,-20.0667,30.8333,5,1,90286,5.538,0.2
2023-05-08,Masvingo,-20.0667,30.8333,2,0,90286,2.2152,0.0
2023-05-15,Masvingo,-20.0667,30.8333,5,0,90286,5.538,0.0
2023-05-22,Masvingo,-20.0667,30.8333,10,0,90286,11.0759,0.0
2023-05-29,Masvingo,-20.0667,30.8333,3,0,90286,3.3228,0.0
2023-06-05,Masvingo,-20.0667,30.8333,5,0,90286,5.538,0.0
2023-06-12,Masvingo,-20.0667,30.8333,6,0,90286,6.6455,0.0
2023-06-19,Masvingo,-20.0667,30.8333,4,0,90286,4.4304,0.0
2023-06-26,Masvingo,-20.0667,30.8333,5,0,90286,5.538,0.0
2023-07-03,Masvingo,-20.0667,30.8333,7,0,90286,7.7531,0.0
2023-07-10,Masvingo,-20.0667,30.8333,1,0,90286,1.1076,0.0
2023-07-17,Masvingo,-20.0667,30.8333,4,0,90286,4.4304,0.0
2023-07-24,Masvingo,-20.0667,30.8333,0,0,90286,0.0,0.0
2023-07-31,Masvingo,-20.0667,30.8333,0,0,90286,0.0,0.0
2023-08-07,Masvingo,-20.0667,30.8333,1,0,90286,1.1076,0.0
2023-08-14,Masvingo,-20.0667,30.8333,1,0,90286,1.1076,0.0
2023-08-21,Masvingo,-20.0667,30.8333,2,0,90286,2.2152,0.0
2023-08-28,Masvingo,-20.0667,30.8333,3,0,90286,3.3228,0.0
2023-09-04,Masvingo,-20.0667,30.8333,1,0,90286,1.1076,0.0
2023-09-11,Masvingo,-20.0667,30.8333,1,0,90286,1.1076,0.0
2023-09-18,Masvingo,-20.0667,30.8333,1,0,90286,1.1076,0.0
2023-09-25,Masvingo,-20.0667,30.8333,0,0,90286,0.0,0.0
2023-10-02,Masvingo,-20.0667,30.8333,0,0,90286,0.0,0.0
2023-10-09,Masvingo,-20.0667,30.8333,1,0,90286,1.1076,0.0
2023-10-16,Masvingo,-20.0667,30.8333,0,0,90286,0.0,0.0
2023-10-23,Masvingo,-20.0667,30.8333,0,0,90286,0.0,0.0
2023-10-30,Masvingo,-20.0667,30.8333,2,0,90286,2.2152,0.0
2023-11-06,Masvingo,-20.0667,30.8333,1,0,90286,1.1076,0.0
2023-11-13,Masvingo,-20.0667,30.8333,0,0,90286,0.0,0.0
2023-11-20,Masvingo,-20.0667,30.8333,0,0,90286,0.0,0.0
2023-11-27,Masvingo,-20.0667,30.8333,4,0,90286,4.4304,0.0
2023-12-04,Masvingo,-20.0667,30.8333,7,0,90286,7.7531,0.0
2023-12-11,Masvingo,-20.0667,30.8333,2,0,90286,2.2152,0.0
2023-12-18,Masvingo,-20.0667,30.8333,5,0,90286,5.538,0.0
2023-12-25,Masvingo,-20.0667,30.8333,3,0,90286,3.3228,0.0
2024-01-01,Masvingo,-20.0667,30.8333,4,0,90286,4.4304,0.0
2024-01-08,Masvingo,-20.0667,30.8333,0,0,90286,0.0,0.0
2024-01-15,Masvingo,-20.0667,30.8333,3,0,90286,3.3228,0.0
2024-01-22,Masvingo,-20.0667,30.8333,3,0,90286,3.3228,0.0
2024-01-29,Masvingo,-20.0667,30.8333,1,0,90286,1.1076,0.0
2024-02-05,Masvingo,-20.0667,30.8333,0,0,90286,0.0,0.0
2024-02-12,Masvingo,-20.0667,30.8333,3,0,90286,3.3228,0.0
2024-02-19,Masvingo,-20.0667,30.8333,2,0,90286,2.2152,0.0
2024-02-26,Masvingo,-20.0667,30.8333,1,0,90286,1.1076,0.0
2024-03-04,Masvingo,-20.0667,30.8333,3,0,90286,3.3228,0.0
2024-03-11,Masvingo,-20.0667,30.8333,2,0,90286,2.2152,0.0
2024-03-18,Masvingo,-20.0667,30.8333,1,0,90286,1.1076,0.0
2024-03-25,Masvingo,-20.0667,30.8333,4,0,90286,4.4304,0.0
2024-04-01,Masvingo,-20.0667,30.8333,3,0,90286,3.3228,0.0
2024-04-08,Masvingo,-20.0667,30.8333,0,0,90286,0.0,0.0
2024-04-15,Masvingo,-20.0667,30.8333,1,0,90286,1.1076,0.0
2024-04-22,Masvingo,-20.0667,30.8333,2,0,90286,2.2152,0.0
2024-04-29,Masvingo,-20.0667,30.8333,4,0,90286,4.4304,0.0
2024-05-06,Masvingo,-20.0667,30.8333,2,0,90286,2.2152,0.0
2024-05-13,Masvingo,-20.0667,30.8333,3,0,90286,3.3228,0.0
2024-05-20,Masvingo,-20.0667,30.8333,0,0,90286,0.0,0.0
2024-05-27,Masvingo,-20.0667,30.8333,1,0,90286,1.1076,0.0
2024-06-03,Masvingo,-20.0667,30.8333,5,0,90286,5.538,0.0
2024-06-10,Masvingo,-20.0667,30.8333,0,0,90286,0.0,0.0
2024-06-17,Masvingo,-20.0667,30.8333,0,0,90286,0.0,0.0
2024-06-24,Masvingo,-20.0667,30.8333,0,0,90286,0.0,0.0
2024-07-01,Masvingo,-20.0667,30.8333,0,0,90286,0.0,0.0
2024-07-08,Masvingo,-20.0667,30.8333,0,0,90286,0.0,0.0
2024-07-15,Masvingo,-20.0667,30.8333,0,0,90286,0.0,0.0
2024-07-22,Masvingo,-20.0667,30.8333,1,0,90286,1.1076,0.0
2024-07-29,Masvingo,-20.0667,30.8333,2,0,90286,2.2152,0.0
2024-08-05,Masvingo,-20.0667,30.8333,0,0,90286,0.0,0.0
2024-08-12,Masvingo,-20.0667,30.8333,1,0,90286,1.1076,0.0
2024-08-19,Masvingo,-20.0667,30.8333,0,0,90286,0.0,0.0
2024-08-26,Masvingo,-20.0667,30.8333,1,0,90286,1.1076,0.0
2024-09-02,Masvingo,-20.0667,30.8333,0,0,90286,0.0,0.0
2024-09-09,Masvingo,-20.0667,30.8333,0,0,90286,0.0,0.0
2024-09-16,Masvingo,-20.0667,30.8333,0,0,90286,0.0,0.0
2024-09-23,Masvingo,-20.0667,30.8333,3,0,90286,3.3228,0.0
2024-09-30,Masvingo,-20.0667,30.8333,1,0,90286,1.1076,0.0
2024-10-07,Masvingo,-20.0667,30.8333,3,0,90286,3.3228,0.0
2024-10-14,Masvingo,-20.0667,30.8333,2,0,90286,2.2152,0.0
2024-10-21,Masvingo,-20.0667,30.8333,1,0,90286,1.1076,0.0
2024-10-28,Masvingo,-20.0667,30.8333,8,0,90286,8.8607,0.0
2024-11-04,Masvingo,-20.0667,30.8333,5,1,90286,5.538,0.2
2024-11-11,Masvingo,-20.0667,30.8333,5,0,90286,5.538,0.0
2024-11-18,Masvingo,-20.0667,30.8333,6,0,90286,6.6455,0.0
2024-11-25,Masvingo,-20.0667,30.8333,3,0,90286,3.3228,0.0
2024-12-02,Masvingo,-20.0667,30.8333,9,0,90286,9.9683,0.0
2024-12-09,Masvingo,-20.0667,30.8333,6,0,90286,6.6455,0.0
2024-12-16,Masvingo,-20.0667,30.8333,2,0,90286,2.2152,0.0
2024-12-23,Masvingo,-20.0667,30.8333,1,0,90286,1.1076,0.0
2024-12-30,Masvingo,-20.0667,30.8333,0,0,90286,0.0,0.0
2025-01-06,Masvingo,-20.0667,30.8333,2,0,90286,2.2152,0.0
2025-01-13,Masvingo,-20.0667,30.8333,4,0,90286,4.4304,0.0
2025-01-20,Masvingo,-20.0667,30.8333,3,0,90286,3.3228,0.0
2025-01-27,Masvingo,-20.0667,30.8333,2,0,90286,2.2152,0.0
2025-02-03,Masvingo,-20.0667,30.8333,0,0,90286,0.0,0.0
2025-02-10,Masvingo,-20.0667,30.8333,2,0,90286,2.2152,0.0
2025-02-17,Masvingo,-20.0667,30.8333,2,0,90286,2.2152,0.0
2025-02-24,Masvingo,-20.0667,30.8333,2,0,90286,2.2152,0.0
2025-03-03,Masvingo,-20.0667,30.8333,1,0,90286,1.1076,0.0
2025-03-10,Masvingo,-20.0667,30.8333,1,0,90286,1.1076,0.0
2025-03-17,Masvingo,-20.0667,30.8333,4,0,90286,4.4304,0.0
2025-03-24,Masvingo,-20.0667,30.8333,1,0,90286,1.1076,0.0
2025-03-31,Masvingo,-20.0667,30.8333,0,0,90286,0.0,0.0
2025-04-07,Masvingo,-20.0667,30.8333,1,0,90286,1.1076,0.0
2025-04-14,Masvingo,-20.0667,30.8333,4,0,90286,4.4304,0.0
2025-04-21,Masvingo,-20.0667,30.8333,2,0,90286,2.2152,0.0
2025-04-28,Masvingo,-20.0667,30.8333,0,0,90286,0.0,0.0
2025-05-05,Masvingo,-20.0667,30.8333,2,0,90286,2.2152,0.0
2025-05-12,Masvingo,-20.0667,30.8333,2,0,90286,2.2152,0.0
2025-05-19,Masvingo,-20.0667,30.8333,2,0,90286,2.2152,0.0
2025-05-26,Masvingo,-20.0667,30.8333,1,0,90286,1.1076,0.0
2025-06-02,Masvingo,-20.0667,30.8333,1,0,90286,1.1076,0.0
2025-06-09,Masvingo,-20.0667,30.8333,1,0,90286,1.1076,0.0
2025-06-16,Masvingo,-20.0667,30.8333,1,0,90286,1.1076,0.0
2025-06-23,Masvingo,-20.0667,30.8333,3,0,90286,3.3228,0.0
2025-06-30,Masvingo,-20.0667,30.8333,2,0,90286,2.2152,0.0
2025-07-07,Masvingo,-20.0667,30.8333,2,0,90286,2.2152,0.0
2025-07-14,Masvingo,-20.0667,30.8333,1,0,90286,1.1076,0.0
2025-07-21,Masvingo,-20.0667,30.8333,2,0,90286,2.2152,0.0
2025-07-28,Masvingo,-20.0667,30.8333,0,0,90286,0.0,0.0
2025-08-04,Masvingo,-20.0667,30.8333,1,0,90286,1.1076,0.0
2025-08-11,Masvingo,-20.0667,30.8333,1,0,90286,1.1076,0.0
2025-08-18,Masvingo,-20.0667,30.8333,1,0,90286,1.1076,0.0
2025-08-25,Masvingo,-20.0667,30.8333,1,0,90286,1.1076,0.0
2025-09-01,Masvingo,-20.0667,30.8333,0,0,90286,0.0,0.0
2025-09-08,Masvingo,-20.0667,30.8333,0,0,90286,0.0,0.0
2025-09-15,Masvingo,-20.0667,30.8333,0,0,90286,0.0,0.0
2025-09-22,Masvingo,-20.0667,30.8333,0,0,90286,0.0,0.0
2025-09-29,Masvingo,-20.0667,30.8333,3,0,90286,3.3228,0.0
2025-10-06,Masvingo,-20.0667,30.8333,2,0,90286,2.2152,0.0
2025-10-13,Masvingo,-20.0667,30.8333,1,0,90286,1.1076,0.0
2025-10-20,Masvingo,-20.0667,30.8333,0,0,90286,0.0,0.0
2025-10-27,Masvingo,-20.0667,30.8333,1,0,90286,1.1076,0.0
2025-11-03,Masvingo,-20.0667,30.8333,3,0,90286,3.3228,0.0
2025-11-10,Masvingo,-20.0667,30.8333,2,0,90286,2.2152,0.0
2025-11-17,Masvingo,-20.0667,30.8333,1,0,90286,1.1076,0.0
2025-11-24,Masvingo,-20.0667,30.8333,1,0,90286,1.1076,0.0
2025-12-01,Masvingo,-20.0667,30.8333,3,0,90286,3.3228,0.0
2025-12-08,Masvingo,-20.0667,30.8333,2,0,90286,2.2152,0.0
2025-12-15,Masvingo,-20.0667,30.8333,4,0,90286,4.4304,0.0
2025-12-22,Masvingo,-20.0667,30.8333,1,0,90286,1.1076,0.0
2025-12-29,Masvingo,-20.0667,30.8333,0,0,90286,0.0,0.0
2018-01-01,Mutare,-18.9707,32.6709,5,0,188243,2.6561,0.0
2018-01-08,Mutare,-18.9707,32.6709,1,0,188243,0.5312,0.0
2018-01-15,Mutare,-18.9707,32.6709,3,0,188243,1.5937,0.0
2018-01-22,Mutare,-18.9707,32.6709,3,0,188243,1.5937,0.0
2018-01-29,Mutare,-18.9707,32.6709,0,0,188243,0.0,0.0
2018-02-05,Mutare,-18.9707,32.6709,1,0,188243,0.5312,0.0
2018-02-12,Mutare,-18.9707,32.6709,0,0,188243,0.0,0.0
2018-02-19,Mutare,-18.9707,32.6709,1,0,188243,0.5312,0.0
2018-02-26,Mutare,-18.9707,32.6709,6,0,188243,3.1874,0.0
2018-03-05,Mutare,-18.9707,32.6709,3,0,188243,1.5937,0.0
2018-03-12,Mutare,-18.9707,32.6709,1,0,188243,0.5312,0.0
2018-03-19,Mutare,-18.9707,32.6709,0,0,188243,0.0,0.0
2018-03-26,Mutare,-18.9707,32.6709,4,0,188243,2.1249,0.0
2018-04-02,Mutare,-18.9707,32.6709,7,0,188243,3.7186,0.0
2018-04-09,Mutare,-18.9707,32.6709,4,0,188243,2.1249,0.0
2018-04-16,Mutare,-18.9707,32.6709,2,0,188243,1.0625,0.0
2018-04-23,Mutare,-18.9707,32.6709,4,0,188243,2.1249,0.0
2018-04-30,Mutare,-18.9707,32.6709,8,0,188243,4.2498,0.0
2018-05-07,Mutare,-18.9707,32.6709,6,0,188243,3.1874,0.0
2018-05-14,Mutare,-18.9707,32.6709,4,0,188243,2.1249,0.0
2018-05-21,Mutare,-18.9707,32.6709,12,0,188243,6.3747,0.0
2018-05-28,Mutare,-18.9707,32.6709,13,0,188243,6.906,0.0
2018-06-04,Mutare,-18.9707,32.6709,3,0,188243,1.5937,0.0
2018-06-11,Mutare,-18.9707,32.6709,2,0,188243,1.0625,0.0
2018-06-18,Mutare,-18.9707,32.6709,5,0,188243,2.6561,0.0
2018-06-25,Mutare,-18.9707,32.6709,0,0,188243,0.0,0.0
2018-07-02,Mutare,-18.9707,32.6709,1,0,188243,0.5312,0.0
2018-07-09,Mutare,-18.9707,32.6709,2,0,188243,1.0625,0.0
2018-07-16,Mutare,-18.9707,32.6709,1,0,188243,0.5312,0.0
2018-07-23,Mutare,-18.9707,32.6709,0,0,188243,0.0,0.0
2018-07-30,Mutare,-18.9707,32.6709,1,0,188243,0.5312,0.0
2018-08-06,Mutare,-18.9707,32.6709,3,0,188243,1.5937,0.0
2018-08-13,Mutare,-18.9707,32.6709,2,0,188243,1.0625,0.0
2018-08-20,Mutare,-18.9707,32.6709,2,0,188243,1.0625,0.0
2018-08-27,Mutare,-18.9707,32.6709,1,0,188243,0.5312,0.0
2018-09-03,Mutare,-18.9707,32.6709,1,0,188243,0.5312,0.0
2018-09-10,Mutare,-18.9707,32.6709,12,0,188243,6.3747,0.0
2018-09-17,Mutare,-18.9707,32.6709,16,0,188243,8.4997,0.0
2018-09-24,Mutare,-18.9707,32.6709,10,1,188243,5.3123,0.1
2018-10-01,Mutare,-18.9707,32.6709,3,0,188243,1.5937,0.0
2018-10-08,Mutare,-18.9707,32.6709,13,0,188243,6.906,0.0
2018-10-15,Mutare,-18.9707,32.6709,21,1,188243,11.1558,0.0476
2018-10-22,Mutare,-18.9707,32.6709,9,1,188243,4.7811,0.1111
2018-10-29,Mutare,-18.9707,32.6709,5,0,188243,2.6561,0.0
2018-11-05,Mutare,-18.9707,32.6709,32,0,188243,16.9993,0.0
2018-11-12,Mutare,-18.9707,32.6709,24,0,188243,12.7495,0.0
2018-11-19,Mutare,-18.9707,32.6709,29,1,188243,15.4056,0.0345
2018-11-26,Mutare,-18.9707,32.6709,20,1,188243,10.6246,0.05
2018-12-03,Mutare,-18.9707,32.6709,12,0,188243,6.3747,0.0
2018-12-10,Mutare,-18.9707,32.6709,21,0,188243,11.1558,0.0
2018-12-17,Mutare,-18.9707,32.6709,9,1,188243,4.7811,0.1111
2018-12-24,Mutare,-18.9707,32.6709,8,1,188243,4.2498,0.125
2018-12-31,Mutare,-18.9707,32.6709,35,0,188243,18.593,0.0
2019-01-07,Mutare,-18.9707,32.6709,1,0,188243,0.5312,0.0
2019-01-14,Mutare,-18.9707,32.6709,9,0,188243,4.7811,0.0
2019-01-21,Mutare,-18.9707,32.6709,5,0,188243,2.6561,0.0
2019-01-28,Mutare,-18.9707,32.6709,4,0,188243,2.1249,0.0
2019-02-04,Mutare,-18.9707,32.6709,5,0,188243,2.6561,0.0
2019-02-11,Mutare,-18.9707,32.6709,3,0,188243,1.5937,0.0
2019-02-18,Mutare,-18.9707,32.6709,4,0,188243,2.1249,0.0
2019-02-25,Mutare,-18.9707,32.6709,8,1,188243,4.2498,0.125
2019-03-04,Mutare,-18.9707,32.6709,16,0,188243,8.4997,0.0
2019-03-11,Mutare,-18.9707,32.6709,5,0,188243,2.6561,0.0
2019-03-18,Mutare,-18.9707,32.6709,13,0,188243,6.906,0.0
2019-03-25,Mutare,-18.9707,32.6709,8,0,188243,4.2498,0.0
2019-04-01,Mutare,-18.9707,32.6709,7,0,188243,3.7186,0.0
2019-04-08,Mutare,-18.9707,32.6709,4,0,188243,2.1249,0.0
2019-04-15,Mutare,-18.9707,32.6709,9,0,188243,4.7811,0.0
2019-04-22,Mutare,-18.9707,32.6709,19,0,188243,10.0933,0.0
2019-04-29,Mutare,-18.9707,32.6709,13,0,188243,6.906,0.0
2019-05-06,Mutare,-18.9707,32.6709,31,0,188243,16.4681,0.0
2019-05-13,Mutare,-18.9707,32.6709,13,0,188243,6.906,0.0
2019-05-20,Mutare,-18.9707,32.6709,14,0,188243,7.4372,0.0
2019-05-27,Mutare,-18.9707,32.6709,9,0,188243,4.7811,0.0
2019-06-03,Mutare,-18.9707,32.6709,5,0,188243,2.6561,0.0
2019-06-10,Mutare,-18.9707,32.6709,10,0,188243,5.3123,0.0
2019-06-17,Mutare,-18.9707,32.6709,13,1,188243,6.906,0.0769
2019-06-24,Mutare,-18.9707,32.6709,4,0,188243,2.1249,0.0
2019-07-01,Mutare,-18.9707,32.6709,0,0,188243,0.0,0.0
2019-07-08,Mutare,-18.9707,32.6709,1,0,188243,0.5312,0.0
2019-07-15,Mutare,-18.9707,32.6709,0,0,188243,0.0,0.0
2019-07-22,Mutare,-18.9707,32.6709,1,0,188243,0.5312,0.0
2019-07-29,Mutare,-18.9707,32.6709,2,0,188243,1.0625,0.0
2019-08-05,Mutare,-18.9707,32.6709,1,0,188243,0.5312,0.0
2019-08-12,Mutare,-18.9707,32.6709,3,0,188243,1.5937,0.0
2019-08-19,Mutare,-18.9707,32.6709,0,0,188243,0.0,0.0
2019-08-26,Mutare,-18.9707,32.6709,1,0,188243,0.5312,0.0
2019-09-02,Mutare,-18.9707,32.6709,1,0,188243,0.5312,0.0
2019-09-09,Mutare,-18.9707,32.6709,0,0,188243,0.0,0.0
2019-09-16,Mutare,-18.9707,32.6709,6,0,188243,3.1874,0.0
2019-09-23,Mutare,-18.9707,32.6709,0,0,188243,0.0,0.0
2019-09-30,Mutare,-18.9707,32.6709,2,0,188243,1.0625,0.0
2019-10-07,Mutare,-18.9707,32.6709,3,0,188243,1.5937,0.0
2019-10-14,Mutare,-18.9707,32.6709,0,0,188243,0.0,0.0
2019-10-21,Mutare,-18.9707,32.6709,4,0,188243,2.1249,0.0
2019-10-28,Mutare,-18.9707,32.6709,2,0,188243,1.0625,0.0
2019-11-04,Mutare,-18.9707,32.6709,4,0,188243,2.1249,0.0
2019-11-11,Mutare,-18.9707,32.6709,3,0,188243,1.5937,0.0
2019-11-18,Mutare,-18.9707,32.6709,7,0,188243,3.7186,0.0
2019-11-25,Mutare,-18.9707,32.6709,4,0,188243,2.1249,0.0
2019-12-02,Mutare,-18.9707,32.6709,5,0,188243,2.6561,0.0
2019-12-09,Mutare,-18.9707,32.6709,4,0,188243,2.1249,0.0
2019-12-16,Mutare,-18.9707,32.6709,5,0,188243,2.6561,0.0
2019-12-23,Mutare,-18.9707,32.6709,1,0,188243,0.5312,0.0
2019-12-30,Mutare,-18.9707,32.6709,2,0,188243,1.0625,0.0
2020-01-06,Mutare,-18.9707,32.6709,5,0,188243,2.6561,0.0
2020-01-13,Mutare,-18.9707,32.6709,2,0,188243,1.0625,0.0
2020-01-20,Mutare,-18.9707,32.6709,5,0,188243,2.6561,0.0
2020-01-27,Mutare,-18.9707,32.6709,5,0,188243,2.6561,0.0
2020-02-03,Mutare,-18.9707,32.6709,6,0,188243,3.1874,0.0
2020-02-10,Mutare,-18.9707,32.6709,2,0,188243,1.0625,0.0
2020-02-17,Mutare,-18.9707,32.6709,4,0,188243,2.1249,0.0
2020-02-24,Mutare,-18.9707,32.6709,0,0,188243,0.0,0.0
2020-03-02,Mutare,-18.9707,32.6709,2,0,188243,1.0625,0.0
2020-03-09,Mutare,-18.9707,32.6709,1,0,188243,0.5312,0.0
2020-03-16,Mutare,-18.9707,32.6709,11,0,188243,5.8435,0.0
2020-03-23,Mutare,-18.9707,32.6709,8,0,188243,4.2498,0.0
2020-03-30,Mutare,-18.9707,32.6709,1,0,188243,0.5312,0.0
2020-04-06,Mutare,-18.9707,32.6709,5,0,188243,2.6561,0.0
2020-04-13,Mutare,-18.9707,32.6709,2,0,188243,1.0625,0.0
2020-04-20,Mutare,-18.9707,32.6709,25,0,188243,13.2807,0.0
2020-04-27,Mutare,-18.9707,32.6709,15,0,188243,7.9684,0.0
2020-05-04,Mutare,-18.9707,32.6709,0,0,188243,0.0,0.0
2020-05-11,Mutare,-18.9707,32.6709,8,0,188243,4.2498,0.0
2020-05-18,Mutare,-18.9707,32.6709,0,0,188243,0.0,0.0
2020-05-25,Mutare,-18.9707,32.6709,5,0,188243,2.6561,0.0
2020-06-01,Mutare,-18.9707,32.6709,4,0,188243,2.1249,0.0
2020-06-08,Mutare,-18.9707,32.6709,2,0,188243,1.0625,0.0
2020-06-15,Mutare,-18.9707,32.6709,1,0,188243,0.5312,0.0
2020-06-22,Mutare,-18.9707,32.6709,0,0,188243,0.0,0.0
2020-06-29,Mutare,-18.9707,32.6709,5,1,188243,2.6561,0.2
2020-07-06,Mutare,-18.9707,32.6709,3,0,188243,1.5937,0.0
2020-07-13,Mutare,-18.9707,32.6709,1,0,188243,0.5312,0.0
2020-07-20,Mutare,-18.9707,32.6709,0,0,188243,0.0,0.0
2020-07-27,Mutare,-18.9707,32.6709,1,0,188243,0.5312,0.0
2020-08-03,Mutare,-18.9707,32.6709,4,0,188243,2.1249,0.0
2020-08-10,Mutare,-18.9707,32.6709,1,0,188243,0.5312,0.0
2020-08-17,Mutare,-18.9707,32.6709,0,0,188243,0.0,0.0
2020-08-24,Mutare,-18.9707,32.6709,2,0,188243,1.0625,0.0
2020-08-31,Mutare,-18.9707,32.6709,1,0,188243,0.5312,0.0
2020-09-07,Mutare,-18.9707,32.6709,2,0,188243,1.0625,0.0
2020-09-14,Mutare,-18.9707,32.6709,3,0,188243,1.5937,0.0
2020-09-21,Mutare,-18.9707,32.6709,6,0,188243,3.1874,0.0
2020-09-28,Mutare,-18.9707,32.6709,3,0,188243,1.5937,0.0
2020-10-05,Mutare,-18.9707,32.6709,4,0,188243,2.1249,0.0
2020-10-12,Mutare,-18.9707,32.6709,1,0,188243,0.5312,0.0
2020-10-19,Mutare,-18.9707,32.6709,5,0,188243,2.6561,0.0
2020-10-26,Mutare,-18.9707,32.6709,1,0,188243,0.5312,0.0
2020-11-02,Mutare,-18.9707,32.6709,4,0,188243,2.1249,0.0
2020-11-09,Mutare,-18.9707,32.6709,1,0,188243,0.5312,0.0
2020-11-16,Mutare,-18.9707,32.6709,10,0,188243,5.3123,0.0
2020-11-23,Mutare,-18.9707,32.6709,8,0,188243,4.2498,0.0
2020-11-30,Mutare,-18.9707,32.6709,4,0,188243,2.1249,0.0
2020-12-07,Mutare,-18.9707,32.6709,2,0,188243,1.0625,0.0
2020-12-14,Mutare,-18.9707,32.6709,4,0,188243,2.1249,0.0
2020-12-21,Mutare,-18.9707,32.6709,1,0,188243,0.5312,0.0
2020-12-28,Mutare,-18.9707,32.6709,5,0,188243,2.6561,0.0
2021-01-04,Mutare,-18.9707,32.6709,0,0,188243,0.0,0.0
2021-01-11,Mutare,-18.9707,32.6709,0,0,188243,0.0,0.0
2021-01-18,Mutare,-18.9707,32.6709,2,0,188243,1.0625,0.0
2021-01-25,Mutare,-18.9707,32.6709,6,0,188243,3.1874,0.0
2021-02-01,Mutare,-18.9707,32.6709,4,0,188243,2.1249,0.0
2021-02-08,Mutare,-18.9707,32.6709,2,0,188243,1.0625,0.0
2021-02-15,Mutare,-18.9707,32.6709,1,0,188243,0.5312,0.0
2021-02-22,Mutare,-18.9707,32.6709,5,0,188243,2.6561,0.0
2021-03-01,Mutare,-18.9707,32.6709,3,0,188243,1.5937,0.0
2021-03-08,Mutare,-18.9707,32.6709,1,0,188243,0.5312,0.0
2021-03-15,Mutare,-18.9707,32.6709,7,1,188243,3.7186,0.1429
2021-03-22,Mutare,-18.9707,32.6709,3,0,188243,1.5937,0.0
2021-03-29,Mutare,-18.9707,32.6709,1,0,188243,0.5312,0.0
2021-04-05,Mutare,-18.9707,32.6709,0,0,188243,0.0,0.0
2021-04-12,Mutare,-18.9707,32.6709,8,0,188243,4.2498,0.0
2021-04-19,Mutare,-18.9707,32.6709,7,0,188243,3.7186,0.0
2021-04-26,Mutare,-18.9707,32.6709,9,0,188243,4.7811,0.0
2021-05-03,Mutare,-18.9707,32.6709,4,0,188243,2.1249,0.0
2021-05-10,Mutare,-18.9707,32.6709,5,0,188243,2.6561,0.0
2021-05-17,Mutare,-18.9707,32.6709,4,0,188243,2.1249,0.0
2021-05-24,Mutare,-18.9707,32.6709,3,0,188243,1.5937,0.0
2021-05-31,Mutare,-18.9707,32.6709,1,0,188243,0.5312,0.0
2021-06-07,Mutare,-18.9707,32.6709,2,0,188243,1.0625,0.0
2021-06-14,Mutare,-18.9707,32.6709,5,0,188243,2.6561,0.0
2021-06-21,Mutare,-18.9707,32.6709,5,0,188243,2.6561,0.0
2021-06-28,Mutare,-18.9707,32.6709,2,0,188243,1.0625,0.0
2021-07-05,Mutare,-18.9707,32.6709,5,0,188243,2.6561,0.0
2021-07-12,Mutare,-18.9707,32.6709,0,0,188243,0.0,0.0
2021-07-19,Mutare,-18.9707,32.6709,0,0,188243,0.0,0.0
2021-07-26,Mutare,-18.9707,32.6709,2,0,188243,1.0625,0.0
2021-08-02,Mutare,-18.9707,32.6709,0,0,188243,0.0,0.0
2021-08-09,Mutare,-18.9707,32.6709,1,0,188243,0.5312,0.0
2021-08-16,Mutare,-18.9707,32.6709,1,0,188243,0.5312,0.0
2021-08-23,Mutare,-18.9707,32.6709,0,0,188243,0.0,0.0
2021-08-30,Mutare,-18.9707,32.6709,2,0,188243,1.0625,0.0
2021-09-06,Mutare,-18.9707,32.6709,1,0,188243,0.5312,0.0
2021-09-13,Mutare,-18.9707,32.6709,5,0,188243,2.6561,0.0
2021-09-20,Mutare,-18.9707,32.6709,4,0,188243,2.1249,0.0
2021-09-27,Mutare,-18.9707,32.6709,1,0,188243,0.5312,0.0
2021-10-04,Mutare,-18.9707,32.6709,4,0,188243,2.1249,0.0
2021-10-11,Mutare,-18.9707,32.6709,4,0,188243,2.1249,0.0
2021-10-18,Mutare,-18.9707,32.6709,2,0,188243,1.0625,0.0
2021-10-25,Mutare,-18.9707,32.6709,3,0,188243,1.5937,0.0
2021-11-01,Mutare,-18.9707,32.6709,10,0,188243,5.3123,0.0
2021-11-08,Mutare,-18.9707,32.6709,3,0,188243,1.5937,0.0
2021-11-15,Mutare,-18.9707,32.6709,8,1,188243,4.2498,0.125
2021-11-22,Mutare,-18.9707,32.6709,10,0,188243,5.3123,0.0
2021-11-29,Mutare,-18.9707,32.6709,11,0,188243,5.8435,0.0
2021-12-06,Mutare,-18.9707,32.6709,12,0,188243,6.3747,0.0
2021-12-13,Mutare,-18.9707,32.6709,17,0,188243,9.0309,0.0
2021-12-20,Mutare,-18.9707,32.6709,5,0,188243,2.6561,0.0
2021-12-27,Mutare,-18.9707,32.6709,16,0,188243,8.4997,0.0
2022-01-03,Mutare,-18.9707,32.6709,5,0,188243,2.6561,0.0
2022-01-10,Mutare,-18.9707,32.6709,7,0,188243,3.7186,0.0
2022-01-17,Mutare,-18.9707,32.6709,11,0,188243,5.8435,0.0
2022-01-24,Mutare,-18.9707,32.6709,2,0,188243,1.0625,0.0
2022-01-31,Mutare,-18.9707,32.6709,5,0,188243,2.6561,0.0
2022-02-07,Mutare,-18.9707,32.6709,3,0,188243,1.5937,0.0
2022-02-14,Mutare,-18.9707,32.6709,14,0,188243,7.4372,0.0
2022-02-21,Mutare,-18.9707,32.6709,2,0,188243,1.0625,0.0
2022-02-28,Mutare,-18.9707,32.6709,5,0,188243,2.6561,0.0
2022-03-07,Mutare,-18.9707,32.6709,2,0,188243,1.0625,0.0
2022-03-14,Mutare,-18.9707,32.6709,3,1,188243,1.5937,0.3333
2022-03-21,Mutare,-18.9707,32.6709,14,0,188243,7.4372,0.0
2022-03-28,Mutare,-18.9707,32.6709,9,0,188243,4.7811,0.0
2022-04-04,Mutare,-18.9707,32.6709,7,0,188243,3.7186,0.0
2022-04-11,Mutare,-18.9707,32.6709,9,0,188243,4.7811,0.0
2022-04-18,Mutare,-18.9707,32.6709,3,0,188243,1.5937,0.0
2022-04-25,Mutare,-18.9707,32.6709,3,0,188243,1.5937,0.0
2022-05-02,Mutare,-18.9707,32.6709,7,0,188243,3.7186,0.0
2022-05-09,Mutare,-18.9707,32.6709,3,0,188243,1.5937,0.0
2022-05-16,Mutare,-18.9707,32.6709,3,0,188243,1.5937,0.0
2022-05-23,Mutare,-18.9707,32.6709,2,0,188243,1.0625,0.0
2022-05-30,Mutare,-18.9707,32.6709,4,0,188243,2.1249,0.0
2022-06-06,Mutare,-18.9707,32.6709,3,0,188243,1.5937,0.0
2022-06-13,Mutare,-18.9707,32.6709,2,0,188243,1.0625,0.0
2022-06-20,Mutare,-18.9707,32.6709,1,0,188243,0.5312,0.0
2022-06-27,Mutare,-18.9707,32.6709,2,0,188243,1.0625,0.0
2022-07-04,Mutare,-18.9707,32.6709,3,0,188243,1.5937,0.0
2022-07-11,Mutare,-18.9707,32.6709,2,0,188243,1.0625,0.0
2022-07-18,Mutare,-18.9707,32.6709,1,0,188243,0.5312,0.0
2022-07-25,Mutare,-18.9707,32.6709,2,0,188243,1.0625,0.0
2022-08-01,Mutare,-18.9707,32.6709,0,0,188243,0.0,0.0
2022-08-08,Mutare,-18.9707,32.6709,2,0,188243,1.0625,0.0
2022-08-15,Mutare,-18.9707,32.6709,0,0,188243,0.0,0.0
2022-08-22,Mutare,-18.9707,32.6709,1,0,188243,0.5312,0.0
2022-08-29,Mutare,-18.9707,32.6709,3,0,188243,1.5937,0.0
2022-09-05,Mutare,-18.9707,32.6709,1,0,188243,0.5312,0.0
2022-09-12,Mutare,-18.9707,32.6709,4,0,188243,2.1249,0.0
2022-09-19,Mutare,-18.9707,32.6709,4,0,188243,2.1249,0.0
2022-09-26,Mutare,-18.9707,32.6709,0,0,188243,0.0,0.0
2022-10-03,Mutare,-18.9707,32.6709,1,0,188243,0.5312,0.0
2022-10-10,Mutare,-18.9707,32.6709,3,0,188243,1.5937,0.0
2022-10-17,Mutare,-18.9707,32.6709,3,0,188243,1.5937,0.0
2022-10-24,Mutare,-18.9707,32.6709,4,0,188243,2.1249,0.0
2022-10-31,Mutare,-18.9707,32.6709,4,0,188243,2.1249,0.0
2022-11-07,Mutare,-18.9707,32.6709,3,0,188243,1.5937,0.0
2022-11-14,Mutare,-18.9707,32.6709,10,0,188243,5.3123,0.0
2022-11-21,Mutare,-18.9707,32.6709,2,0,188243,1.0625,0.0
2022-11-28,Mutare,-18.9707,32.6709,6,0,188243,3.1874,0.0
2022-12-05,Mutare,-18.9707,32.6709,21,0,188243,11.1558,0.0
2022-12-12,Mutare,-18.9707,32.6709,1,0,188243,0.5312,0.0
2022-12-19,Mutare,-18.9707,32.6709,5,0,188243,2.6561,0.0
2022-12-26,Mutare,-18.9707,32.6709,4,0,188243,2.1249,0.0
2023-01-02,Mutare,-18.9707,32.6709,0,0,188243,0.0,0.0
2023-01-09,Mutare,-18.9707,32.6709,9,0,188243,4.7811,0.0
2023-01-16,Mutare,-18.9707,32.6709,0,0,188243,0.0,0.0
2023-01-23,Mutare,-18.9707,32.6709,5,0,188243,2.6561,0.0
2023-01-30,Mutare,-18.9707,32.6709,1,0,188243,0.5312,0.0
2023-02-06,Mutare,-18.9707,32.6709,4,0,188243,2.1249,0.0
2023-02-13,Mutare,-18.9707,32.6709,12,0,188243,6.3747,0.0
2023-02-20,Mutare,-18.9707,32.6709,16,0,188243,8.4997,0.0
2023-02-27,Mutare,-18.9707,32.6709,6,1,188243,3.1874,0.1667
2023-03-06,Mutare,-18.9707,32.6709,4,0,188243,2.1249,0.0
2023-03-13,Mutare,-18.9707,32.6709,8,0,188243,4.2498,0.0
2023-03-20,Mutare,-18.9707,32.6709,13,1,188243,6.906,0.0769
2023-03-27,Mutare,-18.9707,32.6709,8,1,188243,4.2498,0.125
2023-04-03,Mutare,-18.9707,32.6709,9,0,188243,4.7811,0.0
2023-04-10,Mutare,-18.9707,32.6709,8,0,188243,4.2498,0.0
2023-04-17,Mutare,-18.9707,32.6709,14,0,188243,7.4372,0.0
2023-04-24,Mutare,-18.9707,32.6709,5,0,188243,2.6561,0.0
2023-05-01,Mutare,-18.9707,32.6709,5,0,188243,2.6561,0.0
2023-05-08,Mutare,-18.9707,32.6709,3,0,188243,1.5937,0.0
2023-05-15,Mutare,-18.9707,32.6709,4,0,188243,2.1249,0.0
2023-05-22,Mutare,-18.9707,32.6709,7,1,188243,3.7186,0.1429
2023-05-29,Mutare,-18.9707,32.6709,1,0,188243,0.5312,0.0
2023-06-05,Mutare,-18.9707,32.6709,13,0,188243,6.906,0.0
2023-06-12,Mutare,-18.9707,32.6709,8,0,188243,4.2498,0.0
2023-06-19,Mutare,-18.9707,32.6709,13,0,188243,6.906,0.0
2023-06-26,Mutare,-18.9707,32.6709,5,0,188243,2.6561,0.0
2023-07-03,Mutare,-18.9707,32.6709,5,0,188243,2.6561,0.0
2023-07-10,Mutare,-18.9707,32.6709,4,0,188243,2.1249,0.0
2023-07-17,Mutare,-18.9707,32.6709,7,0,188243,3.7186,0.0
2023-07-24,Mutare,-18.9707,32.6709,2,1,188243,1.0625,0.5
2023-07-31,Mutare,-18.9707,32.6709,7,0,188243,3.7186,0.0
2023-08-07,Mutare,-18.9707,32.6709,3,0,188243,1.5937,0.0
2023-08-14,Mutare,-18.9707,32.6709,1,0,188243,0.5312,0.0
2023-08-21,Mutare,-18.9707,32.6709,6,0,188243,3.1874,0.0
2023-08-28,Mutare,-18.9707,32.6709,2,0,188243,1.0625,0.0
2023-09-04,Mutare,-18.9707,32.6709,1,0,188243,0.5312,0.0
2023-09-11,Mutare,-18.9707,32.6709,1,0,188243,0.5312,0.0
2023-09-18,Mutare,-18.9707,32.6709,2,0,188243,1.0625,0.0
2023-09-25,Mutare,-18.9707,32.6709,3,0,188243,1.5937,0.0
2023-10-02,Mutare,-18.9707,32.6709,12,0,188243,6.3747,0.0
2023-10-09,Mutare,-18.9707,32.6709,2,0,188243,1.0625,0.0
2023-10-16,Mutare,-18.9707,32.6709,6,0,188243,3.1874,0.0
2023-10-23,Mutare,-18.9707,32.6709,6,0,188243,3.1874,0.0
2023-10-30,Mutare,-18.9707,32.6709,0,0,188243,0.0,0.0
2023-11-06,Mutare,-18.9707,32.6709,5,0,188243,2.6561,0.0
2023-11-13,Mutare,-18.9707,32.6709,1,0,188243,0.5312,0.0
2023-11-20,Mutare,-18.9707,32.6709,4,0,188243,2.1249,0.0
2023-11-27,Mutare,-18.9707,32.6709,8,0,188243,4.2498,0.0
2023-12-04,Mutare,-18.9707,32.6709,1,0,188243,0.5312,0.0
2023-12-11,Mutare,-18.9707,32.6709,1,0,188243,0.5312,0.0
2023-12-18,Mutare,-18.9707,32.6709,1,0,188243,0.5312,0.0
2023-12-25,Mutare,-18.9707,32.6709,3,0,188243,1.5937,0.0
2024-01-01,Mutare,-18.9707,32.6709,3,0,188243,1.5937,0.0
2024-01-08,Mutare,-18.9707,32.6709,3,0,188243,1.5937,0.0
2024-01-15,Mutare,-18.9707,32.6709,0,0,188243,0.0,0.0
2024-01-22,Mutare,-18.9707,32.6709,7,0,188243,3.7186,0.0
2024-01-29,Mutare,-18.9707,32.6709,5,0,188243,2.6561,0.0
2024-02-05,Mutare,-18.9707,32.6709,3,0,188243,1.5937,0.0
2024-02-12,Mutare,-18.9707,32.6709,1,0,188243,0.5312,0.0
2024-02-19,Mutare,-18.9707,32.6709,3,0,188243,1.5937,0.0
2024-02-26,Mutare,-18.9707,32.6709,1,0,188243,0.5312,0.0
2024-03-04,Mutare,-18.9707,32.6709,1,0,188243,0.5312,0.0
2024-03-11,Mutare,-18.9707,32.6709,3,0,188243,1.5937,0.0
2024-03-18,Mutare,-18.9707,32.6709,1,0,188243,0.5312,0.0
2024-03-25,Mutare,-18.9707,32.6709,1,0,188243,0.5312,0.0
2024-04-01,Mutare,-18.9707,32.6709,3,0,188243,1.5937,0.0
2024-04-08,Mutare,-18.9707,32.6709,3,0,188243,1.5937,0.0
2024-04-15,Mutare,-18.9707,32.6709,2,0,188243,1.0625,0.0
2024-04-22,Mutare,-18.9707,32.6709,6,0,188243,3.1874,0.0
2024-04-29,Mutare,-18.9707,32.6709,4,1,188243,2.1249,0.25
2024-05-06,Mutare,-18.9707,32.6709,4,0,188243,2.1249,0.0
2024-05-13,Mutare,-18.9707,32.6709,5,0,188243,2.6561,0.0
2024-05-20,Mutare,-18.9707,32.6709,1,0,188243,0.5312,0.0
2024-05-27,Mutare,-18.9707,32.6709,3,0,188243,1.5937,0.0
2024-06-03,Mutare,-18.9707,32.6709,2,0,188243,1.0625,0.0
2024-06-10,Mutare,-18.9707,32.6709,2,0,188243,1.0625,0.0
2024-06-17,Mutare,-18.9707,32.6709,5,0,188243,2.6561,0.0
2024-06-24,Mutare,-18.9707,32.6709,6,0,188243,3.1874,0.0
2024-07-01,Mutare,-18.9707,32.6709,4,0,188243,2.1249,0.0
2024-07-08,Mutare,-18.9707,32.6709,0,0,188243,0.0,0.0
2024-07-15,Mutare,-18.9707,32.6709,0,0,188243,0.0,0.0
2024-07-22,Mutare,-18.9707,32.6709,3,0,188243,1.5937,0.0
2024-07-29,Mutare,-18.9707,32.6709,1,0,188243,0.5312,0.0
2024-08-05,Mutare,-18.9707,32.6709,0,0,188243,0.0,0.0
2024-08-12,Mutare,-18.9707,32.6709,0,0,188243,0.0,0.0
2024-08-19,Mutare,-18.9707,32.6709,1,0,188243,0.5312,0.0
2024-08-26,Mutare,-18.9707,32.6709,0,0,188243,0.0,0.0
2024-09-02,Mutare,-18.9707,32.6709,1,0,188243,0.5312,0.0
2024-09-09,Mutare,-18.9707,32.6709,1,0,188243,0.5312,0.0
2024-09-16,Mutare,-18.9707,32.6709,1,0,188243,0.5312,0.0
2024-09-23,Mutare,-18.9707,32.6709,1,0,188243,0.5312,0.0
2024-09-30,Mutare,-18.9707,32.6709,2,0,188243,1.0625,0.0
2024-10-07,Mutare,-18.9707,32.6709,0,0,188243,0.0,0.0
2024-10-14,Mutare,-18.9707,32.6709,3,0,188243,1.5937,0.0
2024-10-21,Mutare,-18.9707,32.6709,3,1,188243,1.5937,0.3333
2024-10-28,Mutare,-18.9707,32.6709,3,0,188243,1.5937,0.0
2024-11-04,Mutare,-18.9707,32.6709,5,0,188243,2.6561,0.0
2024-11-11,Mutare,-18.9707,32.6709,8,0,188243,4.2498,0.0
2024-11-18,Mutare,-18.9707,32.6709,10,0,188243,5.3123,0.0
2024-11-25,Mutare,-18.9707,32.6709,10,0,188243,5.3123,0.0
2024-12-02,Mutare,-18.9707,32.6709,8,0,188243,4.2498,0.0
2024-12-09,Mutare,-18.9707,32.6709,14,0,188243,7.4372,0.0
2024-12-16,Mutare,-18.9707,32.6709,7,0,188243,3.7186,0.0
2024-12-23,Mutare,-18.9707,32.6709,9,0,188243,4.7811,0.0
2024-12-30,Mutare,-18.9707,32.6709,7,0,188243,3.7186,0.0
2025-01-06,Mutare,-18.9707,32.6709,4,0,188243,2.1249,0.0
2025-01-13,Mutare,-18.9707,32.6709,3,0,188243,1.5937,0.0
2025-01-20,Mutare,-18.9707,32.6709,0,0,188243,0.0,0.0
2025-01-27,Mutare,-18.9707,32.6709,6,0,188243,3.1874,0.0
2025-02-03,Mutare,-18.9707,32.6709,0,0,188243,0.0,0.0
2025-02-10,Mutare,-18.9707,32.6709,5,0,188243,2.6561,0.0
2025-02-17,Mutare,-18.9707,32.6709,4,0,188243,2.1249,0.0
2025-02-24,Mutare,-18.9707,32.6709,8,0,188243,4.2498,0.0
2025-03-03,Mutare,-18.9707,32.6709,4,0,188243,2.1249,0.0
2025-03-10,Mutare,-18.9707,32.6709,3,0,188243,1.5937,0.0
2025-03-17,Mutare,-18.9707,32.6709,3,0,188243,1.5937,0.0
2025-03-24,Mutare,-18.9707,32.6709,6,0,188243,3.1874,0.0
2025-03-31,Mutare,-18.9707,32.6709,6,0,188243,3.1874,0.0
2025-04-07,Mutare,-18.9707,32.6709,19,0,188243,10.0933,0.0
2025-04-14,Mutare,-18.9707,32.6709,3,0,188243,1.5937,0.0
2025-04-21,Mutare,-18.9707,32.6709,1,0,188243,0.5312,0.0
2025-04-28,Mutare,-18.9707,32.6709,5,0,188243,2.6561,0.0
2025-05-05,Mutare,-18.9707,32.6709,3,0,188243,1.5937,0.0
2025-05-12,Mutare,-18.9707,32.6709,2,0,188243,1.0625,0.0
2025-05-19,Mutare,-18.9707,32.6709,2,0,188243,1.0625,0.0
2025-05-26,Mutare,-18.9707,32.6709,9,0,188243,4.7811,0.0
2025-06-02,Mutare,-18.9707,32.6709,1,0,188243,0.5312,0.0
2025-06-09,Mutare,-18.9707,32.6709,4,0,188243,2.1249,0.0
2025-06-16,Mutare,-18.9707,32.6709,5,0,188243,2.6561,0.0
2025-06-23,Mutare,-18.9707,32.6709,1,0,188243,0.5312,0.0
2025-06-30,Mutare,-18.9707,32.6709,2,1,188243,1.0625,0.5
2025-07-07,Mutare,-18.9707,32.6709,1,0,188243,0.5312,0.0
2025-07-14,Mutare,-18.9707,32.6709,0,0,188243,0.0,0.0
2025-07-21,Mutare,-18.9707,32.6709,1,0,188243,0.5312,0.0
2025-07-28,Mutare,-18.9707,32.6709,0,0,188243,0.0,0.0
2025-08-04,Mutare,-18.9707,32.6709,2,0,188243,1.0625,0.0
2025-08-11,Mutare,-18.9707,32.6709,0,0,188243,0.0,0.0
2025-08-18,Mutare,-18.9707,32.6709,0,0,188243,0.0,0.0
2025-08-25,Mutare,-18.9707,32.6709,1,0,188243,0.5312,0.0
2025-09-01,Mutare,-18.9707,32.6709,2,0,188243,1.0625,0.0
2025-09-08,Mutare,-18.9707,32.6709,4,0,188243,2.1249,0.0
2025-09-15,Mutare,-18.9707,32.6709,1,0,188243,0.5312,0.0
2025-09-22,Mutare,-18.9707,32.6709,1,0,188243,0.5312,0.0
2025-09-29,Mutare,-18.9707,32.6709,0,0,188243,0.0,0.0
2025-10-06,Mutare,-18.9707,32.6709,5,0,188243,2.6561,0.0
2025-10-13,Mutare,-18.9707,32.6709,1,0,188243,0.5312,0.0
2025-10-20,Mutare,-18.9707,32.6709,1,0,188243,0.5312,0.0
2025-10-27,Mutare,-18.9707,32.6709,6,0,188243,3.1874,0.0
2025-11-03,Mutare,-18.9707,32.6709,4,0,188243,2.1249,0.0
2025-11-10,Mutare,-18.9707,32.6709,5,0,188243,2.6561,0.0
2025-11-17,Mutare,-18.9707,32.6709,1,0,188243,0.5312,0.0
2025-11-24,Mutare,-18.9707,32.6709,2,0,188243,1.0625,0.0
2025-12-01,Mutare,-18.9707,32.6709,4,0,188243,2.1249,0.0
2025-12-08,Mutare,-18.9707,32.6709,5,0,188243,2.6561,0.0
2025-12-15,Mutare,-18.9707,32.6709,3,0,188243,1.5937,0.0
2025-12-22,Mutare,-18.9707,32.6709,1,0,188243,0.5312,0.0
2025-12-29,Mutare,-18.9707,32.6709,3,0,188243,1.5937,0.0
2018-01-01,Norton,-17.8833,30.7,3,0,67527,4.4427,0.0
2018-01-08,Norton,-17.8833,30.7,1,0,67527,1.4809,0.0
2018-01-15,Norton,-17.8833,30.7,0,0,67527,0.0,0.0
2018-01-22,Norton,-17.8833,30.7,1,0,67527,1.4809,0.0
2018-01-29,Norton,-17.8833,30.7,1,0,67527,1.4809,0.0
2018-02-05,Norton,-17.8833,30.7,0,0,67527,0.0,0.0
2018-02-12,Norton,-17.8833,30.7,0,0,67527,0.0,0.0
2018-02-19,Norton,-17.8833,30.7,0,0,67527,0.0,0.0
2018-02-26,Norton,-17.8833,30.7,0,0,67527,0.0,0.0
2018-03-05,Norton,-17.8833,30.7,0,0,67527,0.0,0.0
2018-03-12,Norton,-17.8833,30.7,0,0,67527,0.0,0.0
2018-03-19,Norton,-17.8833,30.7,4,0,67527,5.9236,0.0
2018-03-26,Norton,-17.8833,30.7,0,0,67527,0.0,0.0
2018-04-02,Norton,-17.8833,30.7,0,0,67527,0.0,0.0
2018-04-09,Norton,-17.8833,30.7,0,0,67527,0.0,0.0
2018-04-16,Norton,-17.8833,30.7,3,0,67527,4.4427,0.0
2018-04-23,Norton,-17.8833,30.7,0,0,67527,0.0,0.0
2018-04-30,Norton,-17.8833,30.7,2,0,67527,2.9618,0.0
2018-05-07,Norton,-17.8833,30.7,2,0,67527,2.9618,0.0
2018-05-14,Norton,-17.8833,30.7,2,0,67527,2.9618,0.0
2018-05-21,Norton,-17.8833,30.7,1,0,67527,1.4809,0.0
2018-05-28,Norton,-17.8833,30.7,1,0,67527,1.4809,0.0
2018-06-04,Norton,-17.8833,30.7,2,0,67527,2.9618,0.0
2018-06-11,Norton,-17.8833,30.7,0,0,67527,0.0,0.0
2018-06-18,Norton,-17.8833,30.7,3,0,67527,4.4427,0.0
2018-06-25,Norton,-17.8833,30.7,0,0,67527,0.0,0.0
2018-07-02,Norton,-17.8833,30.7,1,0,67527,1.4809,0.0
2018-07-09,Norton,-17.8833,30.7,0,0,67527,0.0,0.0
2018-07-16,Norton,-17.8833,30.7,0,0,67527,0.0,0.0
2018-07-23,Norton,-17.8833,30.7,1,0,67527,1.4809,0.0
2018-07-30,Norton,-17.8833,30.7,2,0,67527,2.9618,0.0
2018-08-06,Norton,-17.8833,30.7,0,0,67527,0.0,0.0
2018-08-13,Norton,-17.8833,30.7,0,0,67527,0.0,0.0
2018-08-20,Norton,-17.8833,30.7,1,0,67527,1.4809,0.0
2018-08-27,Norton,-17.8833,30.7,1,0,67527,1.4809,0.0
2018-09-03,Norton,-17.8833,30.7,6,0,67527,8.8853,0.0
2018-09-10,Norton,-17.8833,30.7,1,0,67527,1.4809,0.0
2018-09-17,Norton,-17.8833,30.7,5,0,67527,7.4044,0.0
2018-09-24,Norton,-17.8833,30.7,4,0,67527,5.9236,0.0
2018-10-01,Norton,-17.8833,30.7,0,0,67527,0.0,0.0
2018-10-08,Norton,-17.8833,30.7,6,0,67527,8.8853,0.0
2018-10-15,Norton,-17.8833,30.7,6,0,67527,8.8853,0.0
2018-10-22,Norton,-17.8833,30.7,4,0,67527,5.9236,0.0
2018-10-29,Norton,-17.8833,30.7,5,0,67527,7.4044,0.0
2018-11-05,Norton,-17.8833,30.7,5,0,67527,7.4044,0.0
2018-11-12,Norton,-17.8833,30.7,13,0,67527,19.2516,0.0
2018-11-19,Norton,-17.8833,30.7,5,0,67527,7.4044,0.0
2018-11-26,Norton,-17.8833,30.7,2,0,67527,2.9618,0.0
2018-12-03,Norton,-17.8833,30.7,8,0,67527,11.8471,0.0
2018-12-10,Norton,-17.8833,30.7,4,0,67527,5.9236,0.0
2018-12-17,Norton,-17.8833,30.7,4,0,67527,5.9236,0.0
2018-12-24,Norton,-17.8833,30.7,2,0,67527,2.9618,0.0
2018-12-31,Norton,-17.8833,30.7,3,0,67527,4.4427,0.0
2019-01-07,Norton,-17.8833,30.7,2,0,67527,2.9618,0.0
2019-01-14,Norton,-17.8833,30.7,1,0,67527,1.4809,0.0
2019-01-21,Norton,-17.8833,30.7,0,0,67527,0.0,0.0
2019-01-28,Norton,-17.8833,30.7,2,0,67527,2.9618,0.0
2019-02-04,Norton,-17.8833,30.7,1,1,67527,1.4809,1.0
2019-02-11,Norton,-17.8833,30.7,3,0,67527,4.4427,0.0
2019-02-18,Norton,-17.8833,30.7,2,0,67527,2.9618,0.0
2019-02-25,Norton,-17.8833,30.7,1,0,67527,1.4809,0.0
2019-03-04,Norton,-17.8833,30.7,2,1,67527,2.9618,0.5
2019-03-11,Norton,-17.8833,30.7,2,0,67527,2.9618,0.0
2019-03-18,Norton,-17.8833,30.7,2,0,67527,2.9618,0.0
2019-03-25,Norton,-17.8833,30.7,10,0,67527,14.8089,0.0
2019-04-01,Norton,-17.8833,30.7,5,0,67527,7.4044,0.0
2019-04-08,Norton,-17.8833,30.7,10,0,67527,14.8089,0.0
2019-04-15,Norton,-17.8833,30.7,12,0,67527,17.7707,0.0
2019-04-22,Norton,-17.8833,30.7,7,0,67527,10.3662,0.0
2019-04-29,Norton,-17.8833,30.7,8,1,67527,11.8471,0.125
2019-05-06,Norton,-17.8833,30.7,2,0,67527,2.9618,0.0
2019-05-13,Norton,-17.8833,30.7,4,0,67527,5.9236,0.0
2019-05-20,Norton,-17.8833,30.7,5,0,67527,7.4044,0.0
2019-05-27,Norton,-17.8833,30.7,8,0,67527,11.8471,0.0
2019-06-03,Norton,-17.8833,30.7,8,0,67527,11.8471,0.0
2019-06-10,Norton,-17.8833,30.7,3,0,67527,4.4427,0.0
2019-06-17,Norton,-17.8833,30.7,4,0,67527,5.9236,0.0
2019-06-24,Norton,-17.8833,30.7,5,0,67527,7.4044,0.0
2019-07-01,Norton,-17.8833,30.7,2,0,67527,2.9618,0.0
2019-07-08,Norton,-17.8833,30.7,0,0,67527,0.0,0.0
2019-07-15,Norton,-17.8833,30.7,0,0,67527,0.0,0.0
2019-07-22,Norton,-17.8833,30.7,0,0,67527,0.0,0.0
2019-07-29,Norton,-17.8833,30.7,0,0,67527,0.0,0.0
2019-08-05,Norton,-17.8833,30.7,0,0,67527,0.0,0.0
2019-08-12,Norton,-17.8833,30.7,0,0,67527,0.0,0.0
2019-08-19,Norton,-17.8833,30.7,1,0,67527,1.4809,0.0
2019-08-26,Norton,-17.8833,30.7,0,0,67527,0.0,0.0
2019-09-02,Norton,-17.8833,30.7,0,0,67527,0.0,0.0
2019-09-09,Norton,-17.8833,30.7,1,0,67527,1.4809,0.0
2019-09-16,Norton,-17.8833,30.7,0,0,67527,0.0,0.0
2019-09-23,Norton,-17.8833,30.7,0,0,67527,0.0,0.0
2019-09-30,Norton,-17.8833,30.7,0,0,67527,0.0,0.0
2019-10-07,Norton,-17.8833,30.7,0,0,67527,0.0,0.0
2019-10-14,Norton,-17.8833,30.7,1,0,67527,1.4809,0.0
2019-10-21,Norton,-17.8833,30.7,0,0,67527,0.0,0.0
2019-10-28,Norton,-17.8833,30.7,1,0,67527,1.4809,0.0
2019-11-04,Norton,-17.8833,30.7,1,0,67527,1.4809,0.0
2019-11-11,Norton,-17.8833,30.7,0,0,67527,0.0,0.0
2019-11-18,Norton,-17.8833,30.7,0,0,67527,0.0,0.0
2019-11-25,Norton,-17.8833,30.7,0,0,67527,0.0,0.0
2019-12-02,Norton,-17.8833,30.7,3,0,67527,4.4427,0.0
2019-12-09,Norton,-17.8833,30.7,5,0,67527,7.4044,0.0
2019-12-16,Norton,-17.8833,30.7,3,0,67527,4.4427,0.0
2019-12-23,Norton,-17.8833,30.7,0,0,67527,0.0,0.0
2019-12-30,Norton,-17.8833,30.7,3,0,67527,4.4427,0.0
2020-01-06,Norton,-17.8833,30.7,1,0,67527,1.4809,0.0
2020-01-13,Norton,-17.8833,30.7,0,0,67527,0.0,0.0
2020-01-20,Norton,-17.8833,30.7,0,0,67527,0.0,0.0
2020-01-27,Norton,-17.8833,30.7,0,0,67527,0.0,0.0
2020-02-03,Norton,-17.8833,30.7,0,0,67527,0.0,0.0
2020-02-10,Norton,-17.8833,30.7,1,0,67527,1.4809,0.0
2020-02-17,Norton,-17.8833,30.7,3,0,67527,4.4427,0.0
2020-02-24,Norton,-17.8833,30.7,1,0,67527,1.4809,0.0
2020-03-02,Norton,-17.8833,30.7,1,0,67527,1.4809,0.0
2020-03-09,Norton,-17.8833,30.7,1,0,67527,1.4809,0.0
2020-03-16,Norton,-17.8833,30.7,1,0,67527,1.4809,0.0
2020-03-23,Norton,-17.8833,30.7,0,0,67527,0.0,0.0
2020-03-30,Norton,-17.8833,30.7,6,0,67527,8.8853,0.0
2020-04-06,Norton,-17.8833,30.7,1,0,67527,1.4809,0.0
2020-04-13,Norton,-17.8833,30.7,4,0,67527,5.9236,0.0
2020-04-20,Norton,-17.8833,30.7,3,0,67527,4.4427,0.0
2020-04-27,Norton,-17.8833,30.7,8,0,67527,11.8471,0.0
2020-05-04,Norton,-17.8833,30.7,3,0,67527,4.4427,0.0
2020-05-11,Norton,-17.8833,30.7,0,0,67527,0.0,0.0
2020-05-18,Norton,-17.8833,30.7,1,0,67527,1.4809,0.0
2020-05-25,Norton,-17.8833,30.7,1,0,67527,1.4809,0.0
2020-06-01,Norton,-17.8833,30.7,1,0,67527,1.4809,0.0
2020-06-08,Norton,-17.8833,30.7,0,0,67527,0.0,0.0
2020-06-15,Norton,-17.8833,30.7,2,0,67527,2.9618,0.0
2020-06-22,Norton,-17.8833,30.7,1,0,67527,1.4809,0.0
2020-06-29,Norton,-17.8833,30.7,0,0,67527,0.0,0.0
2020-07-06,Norton,-17.8833,30.7,1,0,67527,1.4809,0.0
2020-07-13,Norton,-17.8833,30.7,1,0,67527,1.4809,0.0
2020-07-20,Norton,-17.8833,30.7,0,0,67527,0.0,0.0
2020-07-27,Norton,-17.8833,30.7,0,0,67527,0.0,0.0
2020-08-03,Norton,-17.8833,30.7,0,0,67527,0.0,0.0
2020-08-10,Norton,-17.8833,30.7,0,0,67527,0.0,0.0
2020-08-17,Norton,-17.8833,30.7,0,0,67527,0.0,0.0
2020-08-24,Norton,-17.8833,30.7,0,0,67527,0.0,0.0
2020-08-31,Norton,-17.8833,30.7,1,0,67527,1.4809,0.0
2020-09-07,Norton,-17.8833,30.7,0,0,67527,0.0,0.0
2020-09-14,Norton,-17.8833,30.7,1,0,67527,1.4809,0.0
2020-09-21,Norton,-17.8833,30.7,0,0,67527,0.0,0.0
2020-09-28,Norton,-17.8833,30.7,0,0,67527,0.0,0.0
2020-10-05,Norton,-17.8833,30.7,0,0,67527,0.0,0.0
2020-10-12,Norton,-17.8833,30.7,1,0,67527,1.4809,0.0
2020-10-19,Norton,-17.8833,30.7,0,0,67527,0.0,0.0
2020-10-26,Norton,-17.8833,30.7,0,0,67527,0.0,0.0
2020-11-02,Norton,-17.8833,30.7,4,0,67527,5.9236,0.0
2020-11-09,Norton,-17.8833,30.7,3,0,67527,4.4427,0.0
2020-11-16,Norton,-17.8833,30.7,3,0,67527,4.4427,0.0
2020-11-23,Norton,-17.8833,30.7,5,0,67527,7.4044,0.0
2020-11-30,Norton,-17.8833,30.7,1,0,67527,1.4809,0.0
2020-12-07,Norton,-17.8833,30.7,1,0,67527,1.4809,0.0
2020-12-14,Norton,-17.8833,30.7,1,0,67527,1.4809,0.0
2020-12-21,Norton,-17.8833,30.7,2,0,67527,2.9618,0.0
2020-12-28,Norton,-17.8833,30.7,0,0,67527,0.0,0.0
2021-01-04,Norton,-17.8833,30.7,1,0,67527,1.4809,0.0
2021-01-11,Norton,-17.8833,30.7,0,0,67527,0.0,0.0
2021-01-18,Norton,-17.8833,30.7,3,0,67527,4.4427,0.0
2021-01-25,Norton,-17.8833,30.7,1,0,67527,1.4809,0.0
2021-02-01,Norton,-17.8833,30.7,0,0,67527,0.0,0.0
2021-02-08,Norton,-17.8833,30.7,1,0,67527,1.4809,0.0
2021-02-15,Norton,-17.8833,30.7,0,0,67527,0.0,0.0
2021-02-22,Norton,-17.8833,30.7,0,0,67527,0.0,0.0
2021-03-01,Norton,-17.8833,30.7,1,0,67527,1.4809,0.0
2021-03-08,Norton,-17.8833,30.7,2,0,67527,2.9618,0.0
2021-03-15,Norton,-17.8833,30.7,0,0,67527,0.0,0.0
2021-03-22,Norton,-17.8833,30.7,3,0,67527,4.4427,0.0
2021-03-29,Norton,-17.8833,30.7,2,0,67527,2.9618,0.0
2021-04-05,Norton,-17.8833,30.7,2,0,67527,2.9618,0.0
2021-04-12,Norton,-17.8833,30.7,3,0,67527,4.4427,0.0
2021-04-19,Norton,-17.8833,30.7,1,0,67527,1.4809,0.0
2021-04-26,Norton,-17.8833,30.7,1,0,67527,1.4809,0.0
2021-05-03,Norton,-17.8833,30.7,0,0,67527,0.0,0.0
2021-05-10,Norton,-17.8833,30.7,1,0,67527,1.4809,0.0
2021-05-17,Norton,-17.8833,30.7,0,0,67527,0.0,0.0
2021-05-24,Norton,-17.8833,30.7,0,0,67527,0.0,0.0
2021-05-31,Norton,-17.8833,30.7,2,0,67527,2.9618,0.0
2021-06-07,Norton,-17.8833,30.7,1,0,67527,1.4809,0.0
2021-06-14,Norton,-17.8833,30.7,2,0,67527,2.9618,0.0
2021-06-21,Norton,-17.8833,30.7,3,0,67527,4.4427,0.0
2021-06-28,Norton,-17.8833,30.7,1,0,67527,1.4809,0.0
2021-07-05,Norton,-17.8833,30.7,0,0,67527,0.0,0.0
2021-07-12,Norton,-17.8833,30.7,1,0,67527,1.4809,0.0
2021-07-19,Norton,-17.8833,30.7,0,0,67527,0.0,0.0
2021-07-26,Norton,-17.8833,30.7,1,0,67527,1.4809,0.0
2021-08-02,Norton,-17.8833,30.7,1,0,67527,1.4809,0.0
2021-08-09,Norton,-17.8833,30.7,0,0,67527,0.0,0.0
2021-08-16,Norton,-17.8833,30.7,0,0,67527,0.0,0.0
2021-08-23,Norton,-17.8833,30.7,1,0,67527,1.4809,0.0
2021-08-30,Norton,-17.8833,30.7,0,0,67527,0.0,0.0
2021-09-06,Norton,-17.8833,30.7,0,0,67527,0.0,0.0
2021-09-13,Norton,-17.8833,30.7,1,0,67527,1.4809,0.0
2021-09-20,Norton,-17.8833,30.7,2,0,67527,2.9618,0.0
2021-09-27,Norton,-17.8833,30.7,2,0,67527,2.9618,0.0
2021-10-04,Norton,-17.8833,30.7,1,0,67527,1.4809,0.0
2021-10-11,Norton,-17.8833,30.7,0,0,67527,0.0,0.0
2021-10-18,Norton,-17.8833,30.7,0,0,67527,0.0,0.0
2021-10-25,Norton,-17.8833,30.7,1,0,67527,1.4809,0.0
2021-11-01,Norton,-17.8833,30.7,6,1,67527,8.8853,0.1667
2021-11-08,Norton,-17.8833,30.7,5,0,67527,7.4044,0.0
2021-11-15,Norton,-17.8833,30.7,1,0,67527,1.4809,0.0
2021-11-22,Norton,-17.8833,30.7,2,0,67527,2.9618,0.0
2021-11-29,Norton,-17.8833,30.7,9,0,67527,13.328,0.0
2021-12-06,Norton,-17.8833,30.7,1,0,67527,1.4809,0.0
2021-12-13,Norton,-17.8833,30.7,1,0,67527,1.4809,0.0
2021-12-20,Norton,-17.8833,30.7,3,0,67527,4.4427,0.0
2021-12-27,Norton,-17.8833,30.7,2,0,67527,2.9618,0.0
2022-01-03,Norton,-17.8833,30.7,2,0,67527,2.9618,0.0
2022-01-10,Norton,-17.8833,30.7,0,0,67527,0.0,0.0
2022-01-17,Norton,-17.8833,30.7,0,0,67527,0.0,0.0
2022-01-24,Norton,-17.8833,30.7,1,0,67527,1.4809,0.0
2022-01-31,Norton,-17.8833,30.7,0,0,67527,0.0,0.0
2022-02-07,Norton,-17.8833,30.7,1,0,67527,1.4809,0.0
2022-02-14,Norton,-17.8833,30.7,3,0,67527,4.4427,0.0
2022-02-21,Norton,-17.8833,30.7,0,0,67527,0.0,0.0
2022-02-28,Norton,-17.8833,30.7,1,0,67527,1.4809,0.0
2022-03-07,Norton,-17.8833,30.7,2,0,67527,2.9618,0.0
2022-03-14,Norton,-17.8833,30.7,0,0,67527,0.0,0.0
2022-03-21,Norton,-17.8833,30.7,2,0,67527,2.9618,0.0
2022-03-28,Norton,-17.8833,30.7,1,0,67527,1.4809,0.0
2022-04-04,Norton,-17.8833,30.7,2,0,67527,2.9618,0.0
2022-04-11,Norton,-17.8833,30.7,4,0,67527,5.9236,0.0
2022-04-18,Norton,-17.8833,30.7,3,0,67527,4.4427,0.0
2022-04-25,Norton,-17.8833,30.7,2,0,67527,2.9618,0.0
2022-05-02,Norton,-17.8833,30.7,3,0,67527,4.4427,0.0
2022-05-09,Norton,-17.8833,30.7,2,0,67527,2.9618,0.0
2022-05-16,Norton,-17.8833,30.7,0,0,67527,0.0,0.0
2022-05-23,Norton,-17.8833,30.7,0,0,67527,0.0,0.0
2022-05-30,Norton,-17.8833,30.7,0,0,67527,0.0,0.0
2022-06-06,Norton,-17.8833,30.7,1,0,67527,1.4809,0.0
2022-06-13,Norton,-17.8833,30.7,0,0,67527,0.0,0.0
2022-06-20,Norton,-17.8833,30.7,1,0,67527,1.4809,0.0
2022-06-27,Norton,-17.8833,30.7,2,0,67527,2.9618,0.0
2022-07-04,Norton,-17.8833,30.7,1,0,67527,1.4809,0.0
2022-07-11,Norton,-17.8833,30.7,1,0,67527,1.4809,0.0
2022-07-18,Norton,-17.8833,30.7,0,0,67527,0.0,0.0
2022-07-25,Norton,-17.8833,30.7,0,0,67527,0.0,0.0
2022-08-01,Norton,-17.8833,30.7,0,0,67527,0.0,0.0
2022-08-08,Norton,-17.8833,30.7,0,0,67527,0.0,0.0
2022-08-15,Norton,-17.8833,30.7,1,0,67527,1.4809,0.0
2022-08-22,Norton,-17.8833,30.7,0,0,67527,0.0,0.0
2022-08-29,Norton,-17.8833,30.7,1,0,67527,1.4809,0.0
2022-09-05,Norton,-17.8833,30.7,1,0,67527,1.4809,0.0
2022-09-12,Norton,-17.8833,30.7,1,0,67527,1.4809,0.0
2022-09-19,Norton,-17.8833,30.7,2,0,67527,2.9618,0.0
2022-09-26,Norton,-17.8833,30.7,0,0,67527,0.0,0.0
2022-10-03,Norton,-17.8833,30.7,0,0,67527,0.0,0.0
2022-10-10,Norton,-17.8833,30.7,0,0,67527,0.0,0.0
2022-10-17,Norton,-17.8833,30.7,0,0,67527,0.0,0.0
2022-10-24,Norton,-17.8833,30.7,1,0,67527,1.4809,0.0
2022-10-31,Norton,-17.8833,30.7,2,0,67527,2.9618,0.0
2022-11-07,Norton,-17.8833,30.7,0,0,67527,0.0,0.0
2022-11-14,Norton,-17.8833,30.7,0,0,67527,0.0,0.0
2022-11-21,Norton,-17.8833,30.7,3,1,67527,4.4427,0.3333
2022-11-28,Norton,-17.8833,30.7,2,0,67527,2.9618,0.0
2022-12-05,Norton,-17.8833,30.7,3,0,67527,4.4427,0.0
2022-12-12,Norton,-17.8833,30.7,4,0,67527,5.9236,0.0
2022-12-19,Norton,-17.8833,30.7,2,0,67527,2.9618,0.0
2022-12-26,Norton,-17.8833,30.7,1,0,67527,1.4809,0.0
2023-01-02,Norton,-17.8833,30.7,0,0,67527,0.0,0.0
2023-01-09,Norton,-17.8833,30.7,2,0,67527,2.9618,0.0
2023-01-16,Norton,-17.8833,30.7,0,0,67527,0.0,0.0
2023-01-23,Norton,-17.8833,30.7,2,0,67527,2.9618,0.0
2023-01-30,Norton,-17.8833,30.7,0,0,67527,0.0,0.0
2023-02-06,Norton,-17.8833,30.7,1,0,67527,1.4809,0.0
2023-02-13,Norton,-17.8833,30.7,0,0,67527,0.0,0.0
2023-02-20,Norton,-17.8833,30.7,1,0,67527,1.4809,0.0
2023-02-27,Norton,-17.8833,30.7,7,0,67527,10.3662,0.0
2023-03-06,Norton,-17.8833,30.7,5,0,67527,7.4044,0.0
2023-03-13,Norton,-17.8833,30.7,1,0,67527,1.4809,0.0
2023-03-20,Norton,-17.8833,30.7,5,0,67527,7.4044,0.0
2023-03-27,Norton,-17.8833,30.7,7,0,67527,10.3662,0.0
2023-04-03,Norton,-17.8833,30.7,8,0,67527,11.8471,0.0
2023-04-10,Norton,-17.8833,30.7,19,1,67527,28.1369,0.0526
2023-04-17,Norton,-17.8833,30.7,4,0,67527,5.9236,0.0
2023-04-24,Norton,-17.8833,30.7,5,1,67527,7.4044,0.2
2023-05-01,Norton,-17.8833,30.7,5,0,67527,7.4044,0.0
2023-05-08,Norton,-17.8833,30.7,3,0,67527,4.4427,0.0
2023-05-15,Norton,-17.8833,30.7,3,0,67527,4.4427,0.0
2023-05-22,Norton,-17.8833,30.7,7,0,67527,10.3662,0.0
2023-05-29,Norton,-17.8833,30.7,6,0,67527,8.8853,0.0
2023-06-05,Norton,-17.8833,30.7,0,0,67527,0.0,0.0
2023-06-12,Norton,-17.8833,30.7,4,0,67527,5.9236,0.0
2023-06-19,Norton,-17.8833,30.7,5,0,67527,7.4044,0.0
2023-06-26,Norton,-17.8833,30.7,2,0,67527,2.9618,0.0
2023-07-03,Norton,-17.8833,30.7,5,0,67527,7.4044,0.0
2023-07-10,Norton,-17.8833,30.7,0,0,67527,0.0,0.0
2023-07-17,Norton,-17.8833,30.7,2,0,67527,2.9618,0.0
2023-07-24,Norton,-17.8833,30.7,1,0,67527,1.4809,0.0
2023-07-31,Norton,-17.8833,30.7,0,0,67527,0.0,0.0
2023-08-07,Norton,-17.8833,30.7,1,0,67527,1.4809,0.0
2023-08-14,Norton,-17.8833,30.7,0,0,67527,0.0,0.0
2023-08-21,Norton,-17.8833,30.7,1,0,67527,1.4809,0.0
2023-08-28,Norton,-17.8833,30.7,1,0,67527,1.4809,0.0
2023-09-04,Norton,-17.8833,30.7,1,0,67527,1.4809,0.0
2023-09-11,Norton,-17.8833,30.7,1,0,67527,1.4809,0.0
2023-09-18,Norton,-17.8833,30.7,2,0,67527,2.9618,0.0
2023-09-25,Norton,-17.8833,30.7,1,0,67527,1.4809,0.0
2023-10-02,Norton,-17.8833,30.7,2,0,67527,2.9618,0.0
2023-10-09,Norton,-17.8833,30.7,0,0,67527,0.0,0.0
2023-10-16,Norton,-17.8833,30.7,0,0,67527,0.0,0.0
2023-10-23,Norton,-17.8833,30.7,1,0,67527,1.4809,0.0
2023-10-30,Norton,-17.8833,30.7,5,0,67527,7.4044,0.0
2023-11-06,Norton,-17.8833,30.7,2,0,67527,2.9618,0.0
2023-11-13,Norton,-17.8833,30.7,0,0,67527,0.0,0.0
2023-11-20,Norton,-17.8833,30.7,2,0,67527,2.9618,0.0
2023-11-27,Norton,-17.8833,30.7,1,0,67527,1.4809,0.0
2023-12-04,Norton,-17.8833,30.7,2,0,67527,2.9618,0.0
2023-12-11,Norton,-17.8833,30.7,0,0,67527,0.0,0.0
2023-12-18,Norton,-17.8833,30.7,3,0,67527,4.4427,0.0
2023-12-25,Norton,-17.8833,30.7,1,0,67527,1.4809,0.0
2024-01-01,Norton,-17.8833,30.7,0,0,67527,0.0,0.0
2024-01-08,Norton,-17.8833,30.7,0,0,67527,0.0,0.0
2024-01-15,Norton,-17.8833,30.7,0,0,67527,0.0,0.0
2024-01-22,Norton,-17.8833,30.7,2,0,67527,2.9618,0.0
2024-01-29,Norton,-17.8833,30.7,0,0,67527,0.0,0.0
2024-02-05,Norton,-17.8833,30.7,0,0,67527,0.0,0.0
2024-02-12,Norton,-17.8833,30.7,0,0,67527,0.0,0.0
2024-02-19,Norton,-17.8833,30.7,1,0,67527,1.4809,0.0
2024-02-26,Norton,-17.8833,30.7,3,0,67527,4.4427,0.0
2024-03-04,Norton,-17.8833,30.7,0,0,67527,0.0,0.0
2024-03-11,Norton,-17.8833,30.7,1,0,67527,1.4809,0.0
2024-03-18,Norton,-17.8833,30.7,1,0,67527,1.4809,0.0
2024-03-25,Norton,-17.8833,30.7,1,0,67527,1.4809,0.0
2024-04-01,Norton,-17.8833,30.7,3,0,67527,4.4427,0.0
2024-04-08,Norton,-17.8833,30.7,1,0,67527,1.4809,0.0
2024-04-15,Norton,-17.8833,30.7,2,0,67527,2.9618,0.0
2024-04-22,Norton,-17.8833,30.7,0,0,67527,0.0,0.0
2024-04-29,Norton,-17.8833,30.7,1,1,67527,1.4809,1.0
2024-05-06,Norton,-17.8833,30.7,2,0,67527,2.9618,0.0
2024-05-13,Norton,-17.8833,30.7,1,0,67527,1.4809,0.0
2024-05-20,Norton,-17.8833,30.7,2,0,67527,2.9618,0.0
2024-05-27,Norton,-17.8833,30.7,0,0,67527,0.0,0.0
2024-06-03,Norton,-17.8833,30.7,1,0,67527,1.4809,0.0
2024-06-10,Norton,-17.8833,30.7,4,1,67527,5.9236,0.25
2024-06-17,Norton,-17.8833,30.7,1,0,67527,1.4809,0.0
2024-06-24,Norton,-17.8833,30.7,1,0,67527,1.4809,0.0
2024-07-01,Norton,-17.8833,30.7,2,0,67527,2.9618,0.0
2024-07-08,Norton,-17.8833,30.7,2,0,67527,2.9618,0.0
2024-07-15,Norton,-17.8833,30.7,1,0,67527,1.4809,0.0
2024-07-22,Norton,-17.8833,30.7,0,0,67527,0.0,0.0
2024-07-29,Norton,-17.8833,30.7,0,0,67527,0.0,0.0
2024-08-05,Norton,-17.8833,30.7,0,0,67527,0.0,0.0
2024-08-12,Norton,-17.8833,30.7,0,0,67527,0.0,0.0
2024-08-19,Norton,-17.8833,30.7,0,0,67527,0.0,0.0
2024-08-26,Norton,-17.8833,30.7,1,0,67527,1.4809,0.0
2024-09-02,Norton,-17.8833,30.7,0,0,67527,0.0,0.0
2024-09-09,Norton,-17.8833,30.7,1,0,67527,1.4809,0.0
2024-09-16,Norton,-17.8833,30.7,0,0,67527,0.0,0.0
2024-09-23,Norton,-17.8833,30.7,2,0,67527,2.9618,0.0
2024-09-30,Norton,-17.8833,30.7,0,0,67527,0.0,0.0
2024-10-07,Norton,-17.8833,30.7,1,0,67527,1.4809,0.0
2024-10-14,Norton,-17.8833,30.7,0,0,67527,0.0,0.0
2024-10-21,Norton,-17.8833,30.7,1,0,67527,1.4809,0.0
2024-10-28,Norton,-17.8833,30.7,7,0,67527,10.3662,0.0
2024-11-04,Norton,-17.8833,30.7,0,0,67527,0.0,0.0
2024-11-11,Norton,-17.8833,30.7,1,0,67527,1.4809,0.0
2024-11-18,Norton,-17.8833,30.7,6,1,67527,8.8853,0.1667
2024-11-25,Norton,-17.8833,30.7,1,0,67527,1.4809,0.0
2024-12-02,Norton,-17.8833,30.7,1,0,67527,1.4809,0.0
2024-12-09,Norton,-17.8833,30.7,4,0,67527,5.9236,0.0
2024-12-16,Norton,-17.8833,30.7,2,0,67527,2.9618,0.0
2024-12-23,Norton,-17.8833,30.7,3,0,67527,4.4427,0.0
2024-12-30,Norton,-17.8833,30.7,1,0,67527,1.4809,0.0
2025-01-06,Norton,-17.8833,30.7,2,0,67527,2.9618,0.0
2025-01-13,Norton,-17.8833,30.7,3,0,67527,4.4427,0.0
2025-01-20,Norton,-17.8833,30.7,0,0,67527,0.0,0.0
2025-01-27,Norton,-17.8833,30.7,0,0,67527,0.0,0.0
2025-02-03,Norton,-17.8833,30.7,2,0,67527,2.9618,0.0
2025-02-10,Norton,-17.8833,30.7,0,0,67527,0.0,0.0
2025-02-17,Norton,-17.8833,30.7,0,0,67527,0.0,0.0
2025-02-24,Norton,-17.8833,30.7,3,0,67527,4.4427,0.0
2025-03-03,Norton,-17.8833,30.7,1,0,67527,1.4809,0.0
2025-03-10,Norton,-17.8833,30.7,0,0,67527,0.0,0.0
2025-03-17,Norton,-17.8833,30.7,2,0,67527,2.9618,0.0
2025-03-24,Norton,-17.8833,30.7,1,0,67527,1.4809,0.0
2025-03-31,Norton,-17.8833,30.7,3,0,67527,4.4427,0.0
2025-04-07,Norton,-17.8833,30.7,1,0,67527,1.4809,0.0
2025-04-14,Norton,-17.8833,30.7,3,0,67527,4.4427,0.0
2025-04-21,Norton,-17.8833,30.7,3,0,67527,4.4427,0.0
2025-04-28,Norton,-17.8833,30.7,3,0,67527,4.4427,0.0
2025-05-05,Norton,-17.8833,30.7,2,0,67527,2.9618,0.0
2025-05-12,Norton,-17.8833,30.7,1,0,67527,1.4809,0.0
2025-05-19,Norton,-17.8833,30.7,1,0,67527,1.4809,0.0
2025-05-26,Norton,-17.8833,30.7,0,0,67527,0.0,0.0
2025-06-02,Norton,-17.8833,30.7,1,0,67527,1.4809,0.0
2025-06-09,Norton,-17.8833,30.7,1,0,67527,1.4809,0.0
2025-06-16,Norton,-17.8833,30.7,2,0,67527,2.9618,0.0
2025-06-23,Norton,-17.8833,30.7,4,0,67527,5.9236,0.0
2025-06-30,Norton,-17.8833,30.7,4,0,67527,5.9236,0.0
2025-07-07,Norton,-17.8833,30.7,2,0,67527,2.9618,0.0
2025-07-14,Norton,-17.8833,30.7,0,0,67527,0.0,0.0
2025-07-21,Norton,-17.8833,30.7,0,0,67527,0.0,0.0
2025-07-28,Norton,-17.8833,30.7,0,0,67527,0.0,0.0
2025-08-04,Norton,-17.8833,30.7,0,0,67527,0.0,0.0
2025-08-11,Norton,-17.8833,30.7,1,0,67527,1.4809,0.0
2025-08-18,Norton,-17.8833,30.7,1,0,67527,1.4809,0.0
2025-08-25,Norton,-17.8833,30.7,1,0,67527,1.4809,0.0
2025-09-01,Norton,-17.8833,30.7,2,0,67527,2.9618,0.0
2025-09-08,Norton,-17.8833,30.7,0,0,67527,0.0,0.0
2025-09-15,Norton,-17.8833,30.7,3,0,67527,4.4427,0.0
2025-09-22,Norton,-17.8833,30.7,0,0,67527,0.0,0.0
2025-09-29,Norton,-17.8833,30.7,1,0,67527,1.4809,0.0
2025-10-06,Norton,-17.8833,30.7,0,0,67527,0.0,0.0
2025-10-13,Norton,-17.8833,30.7,3,0,67527,4.4427,0.0
2025-10-20,Norton,-17.8833,30.7,2,0,67527,2.9618,0.0
2025-10-27,Norton,-17.8833,30.7,1,0,67527,1.4809,0.0
2025-11-03,Norton,-17.8833,30.7,1,0,67527,1.4809,0.0
2025-11-10,Norton,-17.8833,30.7,2,0,67527,2.9618,0.0
2025-11-17,Norton,-17.8833,30.7,4,0,67527,5.9236,0.0
2025-11-24,Norton,-17.8833,30.7,0,0,67527,0.0,0.0
2025-12-01,Norton,-17.8833,30.7,4,0,67527,5.9236,0.0
2025-12-08,Norton,-17.8833,30.7,0,0,67527,0.0,0.0
2025-12-15,Norton,-17.8833,30.7,0,0,67527,0.0,0.0
2025-12-22,Norton,-17.8833,30.7,1,0,67527,1.4809,0.0
2025-12-29,Norton,-17.8833,30.7,2,0,67527,2.9618,0.0
